event_id,bucket,created_at,n_frames,before_frame,after_frame,before_motion,after_motion
be6b5e67-2286-4565-af7c-e6544ebaa1ce,TP,2026-05-19 22:13:48.723899-03,12,be6b5e67__2026-05-19_22-10-32.jpg,be6b5e67__2026-05-19_22-11-12.jpg,11.294,9.843
ad65ae06-bc84-456d-b216-a14f0591219b,TP,2026-05-20 10:14:20.563956-03,24,ad65ae06__2026-05-20_06-46-55.jpg,ad65ae06__2026-05-20_06-48-50.jpg,8.974,10.315
bc0528c2-8034-40a8-bad3-62f93136f44c,TP,2026-05-20 10:14:20.578949-03,24,bc0528c2__2026-05-20_07-28-20.jpg,bc0528c2__2026-05-20_07-30-02.jpg,9.626,11.033
d00a79bd-4052-4406-986f-01707b7fc713,TP,2026-05-21 11:19:00.149683-03,24,d00a79bd__2026-05-21_11-13-04.jpg,d00a79bd__2026-05-21_11-15-34.jpg,8.341,9.027
d59d5309-60c5-4ce9-8a64-2c68342c07c5,TP,2026-05-21 11:34:48.693069-03,24,d59d5309__2026-05-21_11-30-40.jpg,d59d5309__2026-05-21_11-33-29.jpg,8.798,8.32
2bb892bc-c4d8-4175-b8b1-89007a82d133,TP,2026-05-21 15:29:54.019193-03,24,2bb892bc__2026-05-21_15-26-00.jpg,2bb892bc__2026-05-21_15-28-00.jpg,9.728,10.109
3c840ac4-b0f7-4fec-b696-dd7e68725b49,TP,2026-05-23 13:39:20.897141-03,24,3c840ac4__2026-05-23_13-44-07.jpg,3c840ac4__2026-05-23_13-47-17.jpg,11.937,13.049
cfb7177e-2c76-4eeb-9760-b1118ebef8f7,TP,2026-05-26 16:17:05.603261-03,24,cfb7177e__2026-05-26_10-07-08.jpg,cfb7177e__2026-05-26_10-30-39.jpg,15.254,10.306
f0bd4e3d-eeeb-4a5d-81a7-81b79d0fb1eb,TP,2026-05-26 17:38:33.608254-03,5,f0bd4e3d__2026-05-26_06-14-01.jpg,f0bd4e3d__2026-05-26_06-14-15.jpg,8.48,8.284
8fdb7d45-3093-46f2-bcf8-a1fb2ac49dbd,TP,2026-05-26 17:38:34.689523-03,4,8fdb7d45__2026-05-26_09-26-37.jpg,8fdb7d45__2026-05-26_09-26-46.jpg,10.373,8.449
194ed500-6c09-41fd-be26-9758c80b849b,TP,2026-05-26 17:38:36.292899-03,6,194ed500__2026-05-26_09-59-01.jpg,194ed500__2026-05-26_09-59-22.jpg,8.627,8.58
6b4d979d-b8e1-4634-a226-c38cb7e38055,TP,2026-05-28 11:03:55.476105-03,24,6b4d979d__2026-05-28_11-01-19.jpg,6b4d979d__2026-05-28_11-03-14.jpg,9.807,8.857
cf39d55f-f305-41fd-987b-48309c02b0de,B3,2026-05-28 11:41:04.96591-03,24,cf39d55f__2026-05-28_11-37-25.jpg,cf39d55f__2026-05-28_11-39-45.jpg,12.496,10.365
2bb86418-1bf2-4342-ab0a-668b39ef98cb,B3,2026-05-28 11:58:59.184714-03,24,2bb86418__2026-05-28_11-55-14.jpg,2bb86418__2026-05-28_11-57-59.jpg,9.905,10.082
580ab301-4f94-4880-8e65-9ee39ec82b96,B3,2026-05-28 12:32:52.171311-03,24,580ab301__2026-05-28_12-29-34.jpg,580ab301__2026-05-28_12-31-39.jpg,8.39,8.793
85d56cc5-630e-44b6-913d-e477393e121d,B3,2026-05-28 15:10:44.47674-03,24,85d56cc5__2026-05-28_15-07-24.jpg,85d56cc5__2026-05-28_15-09-24.jpg,8.271,8.459
d36dfdd3-a1e2-4132-8a80-0efc4e5cb19b,TP,2026-05-28 19:03:46.934314-03,24,d36dfdd3__2026-05-28_19-02-07.jpg,d36dfdd3__2026-05-28_19-09-58.jpg,7.569,6.449
80fdbc2b-e478-4d2a-a844-731ef1b6d256,TP,2026-05-28 19:25:37.375367-03,24,80fdbc2b__2026-05-28_19-22-58.jpg,80fdbc2b__2026-05-28_19-24-28.jpg,8.396,5.768
37d6feb0-c40f-47e3-a757-d12f2d62ea3e,B3,2026-05-28 22:25:10.888101-03,24,37d6feb0__2026-05-28_22-21-53.jpg,37d6feb0__2026-05-28_22-24-29.jpg,5.238,5.752
9a47e511-a16a-4390-9316-67151e3c8fb1,TP,2026-05-29 05:53:39.900443-03,24,9a47e511__2026-05-29_05-50-33.jpg,9a47e511__2026-05-29_05-52-18.jpg,7.713,8.525
3840ceba-7185-4a52-92ed-4c328ddbcff7,TP,2026-05-29 06:05:37.152322-03,24,3840ceba__2026-05-29_06-01-25.jpg,3840ceba__2026-05-29_06-04-19.jpg,11.339,10.833
7ada74a4-674c-403e-859c-7c10980e997f,TP,2026-05-29 06:59:25.51693-03,24,7ada74a4__2026-05-29_06-56-18.jpg,7ada74a4__2026-05-29_06-58-44.jpg,11.007,13.694
d27e2560-de7e-4847-8ba6-f57c642484bf,TP,2026-05-29 10:17:04.132262-03,24,d27e2560__2026-05-29_10-12-32.jpg,d27e2560__2026-05-29_10-15-37.jpg,13.142,13.509
08533ffb-1985-4f16-8ab9-ed930f6467cc,B3,2026-05-29 10:44:25.716117-03,24,08533ffb__2026-05-29_10-40-07.jpg,08533ffb__2026-05-29_10-42-42.jpg,10.837,11.579
45dc0327-464c-4b70-8c3d-578bed9af07d,B3,2026-05-29 11:38:58.699464-03,24,45dc0327__2026-05-29_11-35-07.jpg,45dc0327__2026-05-29_11-37-51.jpg,14.218,14.041
ae3d87cb-189c-4d80-b56e-d202d92b4e59,TP,2026-05-29 12:04:19.925817-03,24,ae3d87cb__2026-05-29_12-02-07.jpg,ae3d87cb__2026-05-29_12-07-37.jpg,12.581,14.096
8367f372-247b-42fd-886d-61bfc600b303,TP,2026-05-29 12:47:57.313515-03,24,8367f372__2026-05-29_12-43-57.jpg,8367f372__2026-05-29_12-51-27.jpg,14.401,16.336
c4224caf-6cb9-48df-846d-b7ad0ea7d141,B3,2026-05-29 13:15:21.31394-03,24,c4224caf__2026-05-29_13-11-22.jpg,c4224caf__2026-05-29_13-13-47.jpg,12.522,14.803
90c05405-10a3-4d14-923b-3ce8b683eded,B3,2026-05-29 13:41:37.289348-03,24,90c05405__2026-05-29_13-38-47.jpg,90c05405__2026-05-29_13-43-17.jpg,12.211,12.727
b41e38bc-d62d-4027-9fd1-b710565da912,B3,2026-05-29 17:20:36.046665-03,24,b41e38bc__2026-05-29_17-17-42.jpg,b41e38bc__2026-05-29_17-19-32.jpg,8.252,9.437
95bdec5a-1de8-4539-b6e5-f1b50c49c96d,B3,2026-05-29 19:59:33.494131-03,24,95bdec5a__2026-05-29_19-56-11.jpg,95bdec5a__2026-05-29_19-58-26.jpg,9.168,9.916
b69af1a2-4884-48ff-9510-9827596ba63f,TP,2026-05-30 02:26:20.051275-03,24,b69af1a2__2026-05-30_02-23-00.jpg,b69af1a2__2026-05-30_02-25-45.jpg,5.972,6.581
b3482d87-0da7-4573-b799-602b345143d9,B3,2026-05-30 06:43:18.480403-03,24,b3482d87__2026-05-30_06-39-46.jpg,b3482d87__2026-05-30_06-42-41.jpg,7.93,8.277
69b8b0b6-d712-48af-a5bf-4266a6dd59fa,B3,2026-05-30 08:48:53.952117-03,24,69b8b0b6__2026-05-30_08-45-21.jpg,69b8b0b6__2026-05-30_08-47-47.jpg,9.024,10.07
66552250-ab55-4b97-9976-ba1adedd5e25,TP,2026-05-30 10:18:54.652291-03,24,66552250__2026-05-30_10-16-31.jpg,66552250__2026-05-30_10-25-41.jpg,10.717,10.654
c34ea9d5-00eb-4f36-bf13-861da0b236fb,TP,2026-05-30 12:39:19.871544-03,24,c34ea9d5__2026-05-30_12-35-01.jpg,c34ea9d5__2026-05-30_12-38-16.jpg,11.441,9.723
889c8519-b2f5-4d0c-97a6-f731dbe1e411,TP,2026-05-30 13:19:08.016872-03,24,889c8519__2026-05-30_13-15-01.jpg,889c8519__2026-05-30_13-18-06.jpg,10.207,8.753
84dc54ad-3958-40a4-be5f-1343ec084e4f,B3,2026-05-30 13:39:39.949431-03,24,84dc54ad__2026-05-30_13-36-19.jpg,84dc54ad__2026-05-30_13-38-07.jpg,8.255,7.8
0f90ca65-ceb8-429a-950c-d7c0777550bb,B3,2026-05-30 14:20:34.201892-03,24,0f90ca65__2026-05-30_14-17-21.jpg,0f90ca65__2026-05-30_14-19-17.jpg,8.822,9.149
c836bea4-6646-435b-8258-b80cad1b61e3,B3,2026-05-30 16:00:58.047431-03,24,c836bea4__2026-05-30_15-57-48.jpg,c836bea4__2026-05-30_15-59-43.jpg,7.812,7.936
1f3009d5-21d8-4c68-8b9d-03419179ae06,B3,2026-05-30 16:12:21.677408-03,24,1f3009d5__2026-05-30_16-09-02.jpg,1f3009d5__2026-05-30_16-10-47.jpg,8.188,7.889
49e304b7-4182-40c7-963f-7fb992e73909,B3,2026-05-30 17:17:20.209787-03,24,49e304b7__2026-05-30_17-13-32.jpg,49e304b7__2026-05-30_17-16-47.jpg,6.021,6.792
8be1a215-ac5d-4bbf-8454-39cede2a087b,TP,2026-05-30 20:34:34.207831-03,24,8be1a215__2026-05-30_20-31-32.jpg,8be1a215__2026-05-30_20-33-52.jpg,6.832,6.904
0259140a-1210-415e-b7be-6416ad845532,TP,2026-05-30 22:05:51.782314-03,24,0259140a__2026-05-30_22-03-57.jpg,0259140a__2026-05-30_22-08-22.jpg,5.807,6.126
03bfaf38-7e6a-4430-8ae0-787c31248ab6,TP,2026-05-31 09:32:44.8137-03,24,03bfaf38__2026-05-31_09-29-51.jpg,03bfaf38__2026-05-31_09-31-33.jpg,7.791,7.18
c2b0294a-935e-41cd-ba22-689313937171,TP,2026-05-31 10:06:21.264357-03,24,c2b0294a__2026-05-31_10-04-28.jpg,c2b0294a__2026-05-31_10-11-29.jpg,9.517,10.657
3a0d985b-12a6-4cbf-aee6-80cee0181c87,B3,2026-05-31 10:29:04.512712-03,24,3a0d985b__2026-05-31_10-25-08.jpg,3a0d985b__2026-05-31_10-28-13.jpg,8.564,8.816
8af46b23-66e2-4d89-a314-13cdfd2aad57,B3,2026-05-31 11:30:17.686376-03,24,8af46b23__2026-05-31_11-27-26.jpg,8af46b23__2026-05-31_11-29-18.jpg,10.192,8.499
d249a14d-63ea-4ef6-94e2-64019853a95b,TP,2026-05-31 12:06:45.759976-03,24,d249a14d__2026-05-31_12-04-38.jpg,d249a14d__2026-05-31_12-12-38.jpg,10.65,10.221
a071b32e-b2ec-480e-a1f3-9c3cca147934,B3,2026-05-31 13:16:55.354857-03,24,a071b32e__2026-05-31_13-13-08.jpg,a071b32e__2026-05-31_13-15-28.jpg,11.743,10.617
11d08e33-2f25-45c9-89d3-188142e0740f,B3,2026-05-31 14:12:54.901712-03,24,11d08e33__2026-05-31_14-09-41.jpg,11d08e33__2026-05-31_14-18-48.jpg,10.899,10.697
50530e22-13ed-44fd-8543-dcca5549fef7,B3,2026-05-31 15:13:52.903617-03,24,50530e22__2026-05-31_15-11-59.jpg,50530e22__2026-05-31_15-16-41.jpg,9.18,9.221
2df50334-491d-49e6-bc6d-98897da10c92,B3,2026-05-31 16:24:42.48226-03,24,2df50334__2026-05-31_16-21-28.jpg,2df50334__2026-05-31_16-24-03.jpg,8.109,8.42
ba4d2af7-e373-44d3-b602-70af4c0e0a1b,TP,2026-05-31 16:58:46.382768-03,24,ba4d2af7__2026-05-31_16-55-38.jpg,ba4d2af7__2026-05-31_16-58-03.jpg,7.971,7.968
6af521a0-5631-4aba-893d-f05b775aab25,TP,2026-05-31 19:09:21.066093-03,24,6af521a0__2026-05-31_19-05-37.jpg,6af521a0__2026-05-31_19-07-57.jpg,7.64,8.469
719a9046-0a3a-4e59-8833-fa7f51bb4a7b,B3,2026-06-01 12:46:51.235225-03,24,719a9046__2026-06-01_12-43-10.jpg,719a9046__2026-06-01_12-45-40.jpg,10.54,9.542
1fd31006-1637-4f66-8788-b74482872f30,TP,2026-06-01 13:08:00.410647-03,24,1fd31006__2026-06-01_13-04-50.jpg,1fd31006__2026-06-01_13-14-15.jpg,12.136,12.087
ad89e39e-56c7-4abc-b795-7e1b7dc6e581,B3,2026-06-01 13:23:01.339946-03,24,ad89e39e__2026-06-01_13-19-50.jpg,ad89e39e__2026-06-01_13-22-05.jpg,11.897,11.168
82b922ae-16aa-4aa9-8320-029ee66a007f,TP,2026-06-01 13:37:19.109134-03,24,82b922ae__2026-06-01_13-33-55.jpg,82b922ae__2026-06-01_13-39-30.jpg,12.236,13.136
8873d1a1-916b-49d5-a33b-69c0abdc437f,TP,2026-06-01 13:56:20.951186-03,24,8873d1a1__2026-06-01_13-51-55.jpg,8873d1a1__2026-06-01_14-01-25.jpg,10.862,10.834
7ffae02b-40f4-4c51-a7a9-a309187c16ed,B3,2026-06-01 14:47:19.177399-03,24,7ffae02b__2026-06-01_14-44-17.jpg,7ffae02b__2026-06-01_14-46-03.jpg,8.491,9.247
1930de97-55a5-4e0d-b606-50d080df49a2,B3,2026-06-01 15:06:09.304209-03,24,1930de97__2026-06-01_15-04-09.jpg,1930de97__2026-06-01_15-09-14.jpg,10.567,10.718
a99b7dae-9b45-49c2-9710-c4ba43c55b50,TP,2026-06-01 17:23:08.792323-03,24,a99b7dae__2026-06-01_17-19-57.jpg,a99b7dae__2026-06-01_17-22-22.jpg,6.316,7.038
0c7055c8-9abe-43f4-ac6e-8887278e6b07,TP,2026-06-01 18:11:29.758008-03,24,0c7055c8__2026-06-01_18-09-31.jpg,0c7055c8__2026-06-01_18-12-51.jpg,7.758,8.175
4feb7732-12f3-427d-a995-e63b55916852,TP,2026-06-01 19:57:21.014281-03,24,4feb7732__2026-06-01_19-54-30.jpg,4feb7732__2026-06-01_19-56-06.jpg,7.539,7.986
6022da19-a1b4-49cb-a40c-e4bf7745a3bf,B3,2026-06-01 20:24:10.488396-03,24,6022da19__2026-06-01_20-20-31.jpg,6022da19__2026-06-01_20-23-11.jpg,7.353,7.455
1717aef5-7b17-44d0-964c-cadac03dfc39,B3,2026-06-02 11:19:28.935249-03,24,1717aef5__2026-06-02_11-16-38.jpg,1717aef5__2026-06-02_11-20-48.jpg,9.684,8.603
c7b03d28-1da7-4c6b-ad75-23d9621fe682,B3,2026-06-02 14:18:07.353312-03,24,c7b03d28__2026-06-02_14-14-23.jpg,c7b03d28__2026-06-02_14-16-28.jpg,6.966,7.049
c4bc567a-cc7d-474c-872b-13c1997d2873,TP,2026-06-02 15:53:12.644853-03,24,c4bc567a__2026-06-02_15-49-33.jpg,c4bc567a__2026-06-02_15-51-58.jpg,5.98,5.508
5043229a-e7c9-4798-925c-377deeea8d85,TP,2026-06-02 16:08:07.483534-03,24,5043229a__2026-06-02_16-06-03.jpg,5043229a__2026-06-02_16-13-28.jpg,16.084,9.999
02b1f0d9-fce9-4079-bb84-fb5727f0faca,TP,2026-06-02 16:22:54.044925-03,24,02b1f0d9__2026-06-02_16-20-28.jpg,02b1f0d9__2026-06-02_16-24-08.jpg,8.649,7.505
07f2dd28-506e-4698-bffe-a1c579b2e8ec,B3,2026-06-02 17:15:46.120405-03,24,07f2dd28__2026-06-02_17-14-12.jpg,07f2dd28__2026-06-02_17-18-12.jpg,8.541,6.829
ea0f060a-0066-438c-8e79-9546627e96b6,B3,2026-06-02 17:45:36.511449-03,24,ea0f060a__2026-06-02_17-43-17.jpg,ea0f060a__2026-06-02_17-50-27.jpg,7.034,8.018
90cf40b9-b770-4f74-a37f-f6e3012ed355,B3,2026-06-02 23:12:12.878367-03,24,90cf40b9__2026-06-02_23-08-42.jpg,90cf40b9__2026-06-02_23-11-22.jpg,6.999,7.241
7ebd2314-8349-49dc-b6a7-54b669331912,B3,2026-06-03 04:21:51.405018-03,24,7ebd2314__2026-06-03_04-18-31.jpg,7ebd2314__2026-06-03_04-20-51.jpg,5.424,5.343
8fc90d67-c846-41a3-953d-065d7f5e4374,B3,2026-06-03 05:13:52.0928-03,24,8fc90d67__2026-06-03_05-10-26.jpg,8fc90d67__2026-06-03_05-12-40.jpg,5.467,5.193
3da3bb27-e8d4-4087-affe-14a472bede36,TP,2026-06-03 10:26:05.691765-03,24,3da3bb27__2026-06-03_10-23-22.jpg,3da3bb27__2026-06-03_10-25-32.jpg,7.489,6.907
6b08dd18-e477-471e-abf8-9b235bac04b2,B3,2026-06-03 10:43:22.292265-03,24,6b08dd18__2026-06-03_10-40-12.jpg,6b08dd18__2026-06-03_10-42-37.jpg,9.675,8.942
e52fec0f-948e-4fc7-8d19-379ed1affe08,TP,2026-06-03 11:20:33.935261-03,24,e52fec0f__2026-06-03_11-18-37.jpg,e52fec0f__2026-06-03_11-23-52.jpg,10.293,9.647
9d0d11b6-ff46-4647-a1af-7f52ef02c282,B3,2026-06-03 12:17:47.982598-03,24,9d0d11b6__2026-06-03_12-14-23.jpg,9d0d11b6__2026-06-03_12-16-42.jpg,12.89,13.03
be780e80-05a3-41a2-815b-c6e6c27e067f,TP,2026-06-03 15:17:15.860556-03,24,be780e80__2026-06-03_15-14-38.jpg,be780e80__2026-06-03_15-20-28.jpg,10.479,10.597
0927b49d-a0b2-4957-aadc-1e02ba7bf14c,B3,2026-06-03 15:39:22.992627-03,24,0927b49d__2026-06-03_15-37-08.jpg,0927b49d__2026-06-03_15-40-43.jpg,13.679,11.809
3c8b1451-779a-4b0a-b194-185b55c5874b,B3,2026-06-03 16:57:54.414288-03,24,3c8b1451__2026-06-03_16-54-33.jpg,3c8b1451__2026-06-03_16-56-58.jpg,11.306,11.336
9a66db2e-7665-4699-9cf4-3d218cb592d7,B3,2026-06-03 17:22:16.227821-03,24,9a66db2e__2026-06-03_17-20-13.jpg,9a66db2e__2026-06-03_17-25-38.jpg,11.202,11.84
83962f79-0f4c-4c43-a36b-fe1111b1da20,TP,2026-06-03 17:59:44.363677-03,24,83962f79__2026-06-03_17-56-03.jpg,83962f79__2026-06-03_18-01-53.jpg,14.884,12.229
88ffa4f0-ae33-4856-bea6-f85e5810d231,B3,2026-06-03 19:13:18.506391-03,24,88ffa4f0__2026-06-03_19-10-13.jpg,88ffa4f0__2026-06-03_19-14-38.jpg,11.613,12.781
152b587e-e9ca-4a2d-92c0-eab97794251b,B3,2026-06-04 11:48:43.515732-03,24,152b587e__2026-06-04_11-45-45.jpg,152b587e__2026-06-04_11-47-46.jpg,17.55,17.968
62f2201f-f8c1-4c4a-be60-9dba092788f0,B3,2026-06-04 17:15:48.895977-03,24,62f2201f__2026-06-04_17-12-43.jpg,62f2201f__2026-06-04_17-14-27.jpg,11.07,11.665
475a7953-035a-4e06-b822-39d07332271d,B3,2026-06-04 19:09:45.828275-03,24,475a7953__2026-06-04_19-06-07.jpg,475a7953__2026-06-04_19-11-18.jpg,13.108,13.531
d47b5f14-a29d-4ce8-abf6-e105d342eb0c,B3,2026-06-04 20:51:42.468425-03,24,d47b5f14__2026-06-04_20-47-40.jpg,d47b5f14__2026-06-04_20-50-35.jpg,12.653,12.977
7b88bbfa-872b-4933-b849-f24bfd457c14,B3,2026-06-04 23:24:07.282667-03,24,7b88bbfa__2026-06-04_23-21-00.jpg,7b88bbfa__2026-06-04_23-23-05.jpg,11.321,11.532
711209bb-6f02-4812-a584-281ef93837a0,B3,2026-06-05 05:16:48.14578-03,24,711209bb__2026-06-05_05-13-49.jpg,711209bb__2026-06-05_05-16-14.jpg,4.783,5.12
776e44df-c443-408c-93e0-6e3ed8489d9e,B3,2026-06-05 05:34:17.163569-03,24,776e44df__2026-06-05_05-31-30.jpg,776e44df__2026-06-05_05-33-05.jpg,7.595,8.173
7f58a25f-f7ff-4560-884c-1687f57673c5,B3,2026-06-05 08:22:08.499178-03,24,7f58a25f__2026-06-05_08-18-55.jpg,7f58a25f__2026-06-05_08-21-20.jpg,8.338,7.955
712b3bc7-112e-4992-9f96-c3460bce84b1,B3,2026-06-05 08:54:27.0904-03,24,712b3bc7__2026-06-05_08-50-20.jpg,712b3bc7__2026-06-05_08-53-10.jpg,10.168,11.111
ec77c751-c683-4fb3-866b-56a4ac12fc26,B3,2026-06-05 09:18:09.692033-03,24,ec77c751__2026-06-05_09-15-35.jpg,ec77c751__2026-06-05_09-19-20.jpg,11.704,12.764
d38868e5-94d9-4745-871b-f9888ad5c9bd,B3,2026-06-05 10:08:22.323158-03,24,d38868e5__2026-06-05_10-04-20.jpg,d38868e5__2026-06-05_10-15-09.jpg,9.896,9.707
649299b3-2ff0-4019-b0c1-b1e5cfc71baf,B3,2026-06-05 10:20:12.591217-03,24,649299b3__2026-06-05_10-16-05.jpg,649299b3__2026-06-05_10-25-25.jpg,10.261,9.661
f20508d4-b809-45a8-a1bc-10333c8e06d6,B3,2026-06-05 10:37:35.784096-03,24,f20508d4__2026-06-05_10-33-35.jpg,f20508d4__2026-06-05_10-41-20.jpg,9.073,10.173
86dcacb1-5691-4daf-8207-054e2479fcb3,B3,2026-06-05 10:49:15.162008-03,24,86dcacb1__2026-06-05_10-44-49.jpg,86dcacb1__2026-06-05_10-55-21.jpg,10.088,13.989
b83aba0c-d560-4a56-a577-6970f262736b,B3,2026-06-05 13:51:31.146296-03,24,b83aba0c__2026-06-05_13-51-05.jpg,b83aba0c__2026-06-05_13-56-00.jpg,12.709,9.611
eac5c4ab-b61d-46d4-b7be-a791b106e0f6,B3,2026-06-05 14:03:48.916088-03,24,eac5c4ab__2026-06-05_13-59-30.jpg,eac5c4ab__2026-06-05_14-02-56.jpg,10.406,13.377
5e29a4d9-bcb5-4c49-9703-0fac3fe6032b,B3,2026-06-05 14:21:49.586851-03,24,5e29a4d9__2026-06-05_14-17-50.jpg,5e29a4d9__2026-06-05_14-21-05.jpg,11.04,14.725
6fc04c08-e90f-44cc-a1ba-7a74251e1ecb,B3,2026-06-05 15:04:14.876968-03,24,6fc04c08__2026-06-05_15-01-00.jpg,6fc04c08__2026-06-05_15-03-25.jpg,12.866,11.918
5eb366e4-6445-4077-89a4-7b54ac0301e8,B3,2026-06-05 15:15:58.594374-03,24,5eb366e4__2026-06-05_15-12-06.jpg,5eb366e4__2026-06-05_15-14-36.jpg,12.016,11.432
41ba8d56-a9d5-4c55-80cc-4070226f36bb,B3,2026-06-05 16:05:32.985353-03,24,41ba8d56__2026-06-05_16-03-02.jpg,41ba8d56__2026-06-05_16-08-17.jpg,12.64,12.137
bcd518c7-8a5a-4518-b079-aab5c5103a04,B3,2026-06-05 16:31:16.705456-03,24,bcd518c7__2026-06-05_16-28-32.jpg,bcd518c7__2026-06-05_16-38-07.jpg,10.425,12.056
2e0c9ed7-0380-4953-9994-c96525623148,B3,2026-06-05 19:42:59.77468-03,24,2e0c9ed7__2026-06-05_19-39-22.jpg,2e0c9ed7__2026-06-05_19-41-37.jpg,8.627,8.509
716d1c2b-2129-4666-bd28-b5aece908b88,B3,2026-06-05 20:36:53.777605-03,24,716d1c2b__2026-06-05_20-33-27.jpg,716d1c2b__2026-06-05_20-36-22.jpg,8.741,9.45
f53be038-76dc-4da6-80c9-8b985bae6f2c,B3,2026-06-06 12:54:52.677178-03,24,f53be038__2026-06-06_12-51-51.jpg,f53be038__2026-06-06_12-57-06.jpg,12.677,12.372
bec1fb3a-2d3a-4618-9cd3-c30a7cb5a7fe,B3,2026-06-06 13:08:56.587326-03,24,bec1fb3a__2026-06-06_13-05-26.jpg,bec1fb3a__2026-06-06_13-08-07.jpg,10.078,13.076
a1ecc016-1f41-46cd-8219-72db51af7ae8,B3,2026-06-06 13:22:07.073032-03,24,a1ecc016__2026-06-06_13-20-31.jpg,a1ecc016__2026-06-06_13-25-11.jpg,12.987,10.634
7ef70ea1-91fb-460e-aa1e-927f977b2fc7,B3,2026-06-06 15:42:08.346256-03,24,7ef70ea1__2026-06-06_15-38-36.jpg,7ef70ea1__2026-06-06_15-41-01.jpg,11.617,8.562
f0e1ef92-842d-4aea-83e4-7558e5848ee8,B3,2026-06-06 16:02:24.778646-03,24,f0e1ef92__2026-06-06_15-59-01.jpg,f0e1ef92__2026-06-06_16-01-05.jpg,9.359,9.471
744ffdd0-3c77-4c1c-8ee6-1ff528286bbb,B3,2026-06-06 16:25:37.129356-03,24,744ffdd0__2026-06-06_16-22-31.jpg,744ffdd0__2026-06-06_16-25-01.jpg,9.632,10.238
699b2d4b-9571-423b-bea5-00dc45e08ca3,TP,2026-06-06 17:30:32.330601-03,24,699b2d4b__2026-06-06_17-27-25.jpg,699b2d4b__2026-06-06_17-29-25.jpg,8.392,8.56
e6185347-2acc-42fb-ad73-18ea0c4ae56b,B3,2026-06-06 18:00:36.057956-03,24,e6185347__2026-06-06_17-59-00.jpg,e6185347__2026-06-06_18-02-00.jpg,8.888,8.78
be0bdf5d-93e4-40e5-8afa-0ba2090c0d82,TP,2026-06-07 12:29:17.725404-03,24,be0bdf5d__2026-06-07_12-25-56.jpg,be0bdf5d__2026-06-07_12-28-36.jpg,10.775,9.813
e777233d-c345-4a26-8f49-eedafa885afb,B3,2026-06-07 13:09:56.487094-03,24,e777233d__2026-06-07_13-06-21.jpg,e777233d__2026-06-07_13-09-11.jpg,8.17,8.449
e69fa464-a165-432b-b177-2437a84697a3,B3,2026-06-07 13:47:54.456205-03,24,e69fa464__2026-06-07_13-44-56.jpg,e69fa464__2026-06-07_13-46-46.jpg,11.394,8.867
53ac2b53-4024-40be-9835-4815a4888322,B3,2026-06-07 16:40:34.071265-03,24,53ac2b53__2026-06-07_16-36-51.jpg,53ac2b53__2026-06-07_16-39-10.jpg,9.867,9.812
69620077-0d40-4636-bda5-868af2a7da11,B3,2026-06-07 17:12:18.482744-03,24,69620077__2026-06-07_17-09-00.jpg,69620077__2026-06-07_17-11-20.jpg,8.268,7.844
46a5c760-be44-42d3-ad5d-dcf86fd41091,B3,2026-06-07 20:35:08.309608-03,24,46a5c760__2026-06-07_20-32-55.jpg,46a5c760__2026-06-07_20-37-50.jpg,8.009,8.059
91376baf-5eaa-43ca-8857-a410724403a5,B3,2026-06-08 01:59:08.265784-03,24,91376baf__2026-06-08_01-56-15.jpg,91376baf__2026-06-08_01-58-00.jpg,7.373,7.495
8329c7b3-9092-4ef5-8349-fc5110eadda1,B3,2026-06-08 05:54:47.379046-03,24,8329c7b3__2026-06-08_05-51-51.jpg,8329c7b3__2026-06-08_05-53-26.jpg,8.07,7.637
901dfd91-5ca8-4d40-803a-62550579f951,B3,2026-06-08 13:12:30.669294-03,24,901dfd91__2026-06-08_13-08-56.jpg,901dfd91__2026-06-08_13-11-04.jpg,14.921,14.079
43651af6-8ff2-461d-b13f-3c313a27bec9,B3,2026-06-08 14:46:48.449505-03,24,43651af6__2026-06-08_14-45-27.jpg,43651af6__2026-06-08_14-51-03.jpg,13.219,15.509
fe68de6f-c218-4ec4-8d67-650f076cfcfc,B3,2026-06-08 15:47:29.292926-03,24,fe68de6f__2026-06-08_15-42-59.jpg,fe68de6f__2026-06-08_15-45-28.jpg,13.796,12.078
3a43f091-6a52-446e-8c4b-8f546dbf4c7a,TP,2026-06-09 12:38:28.904976-03,24,3a43f091__2026-06-09_12-34-53.jpg,3a43f091__2026-06-09_12-36-36.jpg,13.021,12.835
7668e74b-674d-4df9-b108-bc107efe899e,TP,2026-06-09 12:53:39.891686-03,24,7668e74b__2026-06-09_12-49-26.jpg,7668e74b__2026-06-09_12-54-46.jpg,17.094,12.919
7db775b2-8249-4809-9699-17ba57040a52,TP,2026-06-09 13:09:17.974732-03,24,7db775b2__2026-06-09_13-05-21.jpg,7db775b2__2026-06-09_13-08-16.jpg,12.033,14.995
d79364b6-0972-470b-9e7c-f1430c213d41,B3,2026-06-09 13:59:03.557303-03,24,d79364b6__2026-06-09_13-55-56.jpg,d79364b6__2026-06-09_14-01-46.jpg,13.075,11.986
ebc4c3e4-b8f4-4e33-afc8-aff128ee6ded,B3,2026-06-09 14:15:45.308271-03,24,ebc4c3e4__2026-06-09_14-10-37.jpg,ebc4c3e4__2026-06-09_14-13-22.jpg,13.26,12.644
1c8a999d-bd01-47e4-838d-d165c3e6921a,B3,2026-06-09 14:27:12.517243-03,24,1c8a999d__2026-06-09_14-23-41.jpg,1c8a999d__2026-06-09_14-26-17.jpg,14.549,15.053
c35ccb74-c88a-4faf-b06b-098765d799ba,TP,2026-06-09 14:47:27.139301-03,24,c35ccb74__2026-06-09_14-43-42.jpg,c35ccb74__2026-06-09_14-49-12.jpg,13.948,13.556
ff8d6b79-0c55-41ca-a436-6d8f1985348a,B3,2026-06-09 15:38:04.917541-03,24,ff8d6b79__2026-06-09_15-33-47.jpg,ff8d6b79__2026-06-09_15-36-56.jpg,11.474,11.353
0e15f85f-55ab-4e64-b939-784552d9542c,B3,2026-06-09 16:19:31.345235-03,24,0e15f85f__2026-06-09_16-15-17.jpg,0e15f85f__2026-06-09_16-18-32.jpg,11.605,9.297
3e4b9404-d42a-4c35-b924-3d08161be9ea,B3,2026-06-09 21:53:13.020235-03,24,3e4b9404__2026-06-09_21-49-40.jpg,3e4b9404__2026-06-09_21-52-00.jpg,9.508,7.278
854018ea-83e2-47d3-98e7-05b36b6e20bb,B3,2026-06-09 22:17:47.925601-03,24,854018ea__2026-06-09_22-14-20.jpg,854018ea__2026-06-09_22-16-50.jpg,6.747,6.993
0f871a82-62fc-40f4-a958-e2eccf4db9ad,B3,2026-06-10 05:11:19.847872-03,24,0f871a82__2026-06-10_05-07-25.jpg,0f871a82__2026-06-10_05-10-45.jpg,7.289,6.788
a18f7f91-2e4e-43e9-9b21-8d96da58148d,B3,2026-06-10 07:37:44.802909-03,24,a18f7f91__2026-06-10_07-33-54.jpg,a18f7f91__2026-06-10_07-37-03.jpg,13.592,9.526
d7956e29-ecce-4f5e-af13-3a978a9b262f,B3,2026-06-10 08:41:07.114098-03,24,d7956e29__2026-06-10_08-36-42.jpg,d7956e29__2026-06-10_08-39-27.jpg,10.547,10.187
df78c5ae-8f25-40cc-a3bd-9e6f3d249164,TP,2026-06-10 08:53:05.266893-03,24,df78c5ae__2026-06-10_08-48-22.jpg,df78c5ae__2026-06-10_08-57-52.jpg,14.536,13.691
d669b501-d034-433a-991f-5c5834bd5d37,B3,2026-06-10 09:05:07.70738-03,24,d669b501__2026-06-10_09-00-23.jpg,d669b501__2026-06-10_09-10-03.jpg,13.077,11.308
82de9362-4df4-4420-82f0-b195c9a27201,B3,2026-06-10 09:45:41.756916-03,24,82de9362__2026-06-10_09-43-26.jpg,82de9362__2026-06-10_09-47-42.jpg,12.883,11.611
d1096caa-8f63-412f-91a6-2357f29b0085,B3,2026-06-10 11:18:57.274057-03,24,d1096caa__2026-06-10_11-14-26.jpg,d1096caa__2026-06-10_11-17-21.jpg,10.182,11.105
cd76a625-fe72-46d9-9910-df151afc3779,B3,2026-06-10 11:29:32.238226-03,24,cd76a625__2026-06-10_11-22-47.jpg,cd76a625__2026-06-10_11-29-52.jpg,11.841,10.878
abae87ed-ef70-4e40-acd2-ef3c7ded8e8d,B3,2026-06-10 11:59:41.468495-03,24,abae87ed__2026-06-10_11-57-04.jpg,abae87ed__2026-06-10_12-06-32.jpg,13.435,12.83
fbdfea00-dfbb-420b-bcb0-7b654b8a05aa,B3,2026-06-10 12:47:36.867003-03,24,fbdfea00__2026-06-10_12-45-57.jpg,fbdfea00__2026-06-10_12-53-27.jpg,16.448,16.393
8bafeeea-3bbb-4cd0-a051-30de7eada23e,TP,2026-06-10 14:39:39.068885-03,24,8bafeeea__2026-06-10_14-36-47.jpg,8bafeeea__2026-06-10_14-42-27.jpg,14.761,15.637
95fcd71f-1a1a-4b2f-9d8f-3ec797ddad39,TP,2026-06-10 16:11:44.198857-03,24,95fcd71f__2026-06-10_16-09-39.jpg,95fcd71f__2026-06-10_16-14-17.jpg,13.147,11.355
ecabb10b-95a5-4f8b-b169-2b35ec35435c,B3,2026-06-11 01:02:07.119464-03,24,ecabb10b__2026-06-11_00-59-11.jpg,ecabb10b__2026-06-11_01-00-56.jpg,8.559,8.453
441d1cef-2be6-41ac-8fbe-31aeca9b1070,TP,2026-06-11 09:57:06.103295-03,24,441d1cef__2026-06-11_09-53-07.jpg,441d1cef__2026-06-11_09-55-12.jpg,12.557,13.417
9bce2829-1f77-4cde-9c0c-07165d67e505,B3,2026-06-11 10:12:42.365231-03,24,9bce2829__2026-06-11_10-07-52.jpg,9bce2829__2026-06-11_10-20-27.jpg,12.73,13.406
55067f32-14e0-4065-8329-4c119c85bb17,TP,2026-06-11 10:34:27.367695-03,24,55067f32__2026-06-11_10-30-58.jpg,55067f32__2026-06-11_10-33-22.jpg,12.041,11.152
03691006-e60a-45f8-a90a-dd7f5b37105f,B3,2026-06-11 12:23:32.380205-03,24,03691006__2026-06-11_12-20-36.jpg,03691006__2026-06-11_12-22-36.jpg,18.453,20.323
417dda86-0992-4c03-94b0-e07376d20ea9,TP,2026-06-11 16:06:13.696868-03,24,417dda86__2026-06-11_16-02-33.jpg,417dda86__2026-06-11_16-13-33.jpg,14.216,13.229
f0c3c69a-1d32-4876-a9bf-6ba9866ccc48,B3,2026-06-11 16:18:35.057213-03,24,f0c3c69a__2026-06-11_16-14-28.jpg,f0c3c69a__2026-06-11_16-17-23.jpg,10.953,12.208
020358a8-9734-41ad-b5a2-7b683920ff3c,B3,2026-06-11 17:23:46.774065-03,24,020358a8__2026-06-11_17-20-18.jpg,020358a8__2026-06-11_17-23-07.jpg,10.211,10.28
2ee63d2b-45b9-4148-a5ed-211f0c725bdc,TP,2026-06-12 02:33:22.988333-03,24,2ee63d2b__2026-06-12_02-29-32.jpg,2ee63d2b__2026-06-12_02-32-33.jpg,10.468,10.307
315734c1-340b-43b3-8f86-8d3effcef4c0,TP,2026-06-12 10:49:33.920989-03,24,315734c1__2026-06-12_10-45-24.jpg,315734c1__2026-06-12_10-48-33.jpg,12.236,11.502
0915828f-a9eb-442c-9261-9cc24ab8479e,B3,2026-06-12 11:22:14.624445-03,24,0915828f__2026-06-12_11-19-09.jpg,0915828f__2026-06-12_11-21-29.jpg,13.223,11.805
9df42280-58a7-486d-85f3-f82b65ddd7df,B3,2026-06-12 11:46:52.603695-03,24,9df42280__2026-06-12_11-43-04.jpg,9df42280__2026-06-12_11-46-08.jpg,13.229,14.206
edd30e3d-e613-471c-aff9-6ba9f77f72b3,B3,2026-06-12 12:56:04.514637-03,24,edd30e3d__2026-06-12_12-51-23.jpg,edd30e3d__2026-06-12_12-54-09.jpg,14.234,13.508
91bd1956-de77-4c4f-9378-4d513d2e8b30,B3,2026-06-12 13:42:09.523711-03,24,91bd1956__2026-06-12_13-38-48.jpg,91bd1956__2026-06-12_13-40-49.jpg,16.57,14.826
e55c2b72-9ae3-49e6-936f-d04df2e395e3,B3,2026-06-12 15:10:10.936592-03,24,e55c2b72__2026-06-12_15-06-59.jpg,e55c2b72__2026-06-12_15-09-14.jpg,11.667,12.538
26818056-fb4a-464b-9f25-68f34c27b22d,TP,2026-06-12 16:09:45.735104-03,24,26818056__2026-06-12_16-07-35.jpg,26818056__2026-06-12_16-11-16.jpg,12.814,14.102
69dcf208-e0a6-4d7b-80fd-ddf7de4d7666,TP,2026-06-12 17:01:52.774397-03,24,69dcf208__2026-06-12_16-58-59.jpg,69dcf208__2026-06-12_17-00-38.jpg,12.388,12.046
0205e880-ebc7-4f7b-a124-452d74620e89,TP,2026-06-12 18:43:27.266459-03,24,0205e880__2026-06-12_18-42-18.jpg,0205e880__2026-06-12_18-49-38.jpg,15.665,9.061
9814c090-7fa3-4bd1-a41a-9c09dfff17ca,TP,2026-06-12 21:24:37.815203-03,24,9814c090__2026-06-12_21-21-23.jpg,9814c090__2026-06-12_21-23-58.jpg,11.84,9.721
22232031-066d-468f-b212-13c5abe6c6fd,TP,2026-06-13 09:44:17.011012-03,24,22232031__2026-06-13_09-40-33.jpg,22232031__2026-06-13_09-51-18.jpg,11.832,12.266
c3477267-f145-43b7-beeb-97d6cece9862,B3,2026-06-13 10:39:27.496962-03,24,c3477267__2026-06-13_10-34-58.jpg,c3477267__2026-06-13_10-39-33.jpg,11.674,10.392
7cf299f3-d940-48db-b645-0b181e3f5804,B3,2026-06-13 11:00:11.816151-03,24,7cf299f3__2026-06-13_10-51-03.jpg,7cf299f3__2026-06-13_11-03-08.jpg,12.031,12.338
60d44ce8-7d2e-43f9-91c3-2a4cdd4ca376,B3,2026-06-13 11:14:00.413944-03,24,60d44ce8__2026-06-13_11-07-08.jpg,60d44ce8__2026-06-13_11-17-58.jpg,10.705,11.023
ff12edaa-a458-4712-801a-8120d1d7201f,B3,2026-06-13 12:46:12.770787-03,24,ff12edaa__2026-06-13_12-42-08.jpg,ff12edaa__2026-06-13_12-44-43.jpg,11.19,12.001
e76b157b-06ff-4f02-b13a-0ea3b4adf0f0,B3,2026-06-13 14:00:56.952302-03,24,e76b157b__2026-06-13_13-57-29.jpg,e76b157b__2026-06-13_14-00-03.jpg,12.917,11.879
02c019f4-6454-4a0d-8bdc-29ef5887fe55,B3,2026-06-13 14:12:42.395259-03,24,02c019f4__2026-06-13_14-09-29.jpg,02c019f4__2026-06-13_14-11-43.jpg,12.718,11.548
3ce0c63c-2bc8-4a89-b4ad-be0919f6f1b1,B3,2026-06-13 14:24:51.045743-03,24,3ce0c63c__2026-06-13_14-20-48.jpg,3ce0c63c__2026-06-13_14-23-43.jpg,14.027,14.083
7833192e-22fd-4373-b493-101a54ab943b,B3,2026-06-13 14:36:25.900207-03,24,7833192e__2026-06-13_14-32-28.jpg,7833192e__2026-06-13_14-35-13.jpg,12.564,10.079
f789bf44-3f8c-4c9b-9aff-f59f4b99836d,B3,2026-06-13 15:36:40.696472-03,24,f789bf44__2026-06-13_15-33-18.jpg,f789bf44__2026-06-13_15-35-13.jpg,10.666,10.074
eab009ec-3019-451e-a3c8-081fbec8a5f6,B3,2026-06-13 15:48:41.478365-03,24,eab009ec__2026-06-13_15-44-48.jpg,eab009ec__2026-06-13_15-47-23.jpg,10.164,9.479
8659f874-99e9-427d-b25d-c1ae0e4e2c66,B3,2026-06-13 16:00:15.631299-03,24,8659f874__2026-06-13_15-56-43.jpg,8659f874__2026-06-13_15-59-13.jpg,10.433,11.913
a61868a6-4113-4500-a3a2-c717cbe6fdea,TP,2026-06-13 16:12:40.876826-03,24,a61868a6__2026-06-13_16-11-48.jpg,a61868a6__2026-06-13_16-18-54.jpg,13.869,10.308
f06944a9-2cb1-40cb-9803-0b74e53ac623,B3,2026-06-13 16:30:53.680949-03,12,f06944a9__2026-06-13_16-29-24.jpg,f06944a9__2026-06-13_16-30-04.jpg,8.787,8.617
bb2c64b9-f3ae-4884-9b81-bdbc6abaef6a,TP,2026-06-13 21:11:51.455562-03,24,bb2c64b9__2026-06-13_21-07-48.jpg,bb2c64b9__2026-06-13_21-10-23.jpg,7.772,7.893
56f15c71-eb05-4080-822e-7206e03495f4,B3,2026-06-13 22:28:35.970427-03,24,56f15c71__2026-06-13_22-26-08.jpg,56f15c71__2026-06-13_22-31-08.jpg,8.169,8.296
4f2a0d65-7dd8-4155-80e4-5f9628d32853,B3,2026-06-14 10:12:15.677609-03,24,4f2a0d65__2026-06-14_10-08-39.jpg,4f2a0d65__2026-06-14_10-11-00.jpg,8.753,9.441
0dd2fb9c-9d9a-46be-b2cc-07962c8dcaca,TP,2026-06-14 11:32:44.565259-03,24,0dd2fb9c__2026-06-14_11-28-29.jpg,0dd2fb9c__2026-06-14_11-35-04.jpg,11.76,9.106
a06e68e4-3cb3-4327-a77c-427530d3d2ab,TP,2026-06-14 11:44:55.476014-03,24,a06e68e4__2026-06-14_11-40-40.jpg,a06e68e4__2026-06-14_11-43-14.jpg,8.991,9.643
636c5658-6f40-4b21-8dad-9c81ac259e32,TP,2026-06-14 11:56:19.797664-03,24,636c5658__2026-06-14_11-52-39.jpg,636c5658__2026-06-14_12-02-00.jpg,11.365,18.917
6ef5009d-0ab2-4ba3-a735-51aba0a26cb9,B3,2026-06-14 12:11:38.864983-03,24,6ef5009d__2026-06-14_12-08-15.jpg,6ef5009d__2026-06-14_12-10-40.jpg,12.561,11.647
6825c428-7a82-4269-b1c2-3df065e7c90e,B3,2026-06-14 12:58:46.356267-03,24,6825c428__2026-06-14_12-55-50.jpg,6825c428__2026-06-14_12-57-50.jpg,12.701,13.734
53358038-3e38-4b7d-a2e8-f99aeaa5ef58,B3,2026-06-14 13:13:28.578313-03,24,53358038__2026-06-14_13-10-10.jpg,53358038__2026-06-14_13-12-45.jpg,18.132,15.469
4005fa31-be30-46af-848e-c06af9462058,B3,2026-06-14 13:28:30.417641-03,24,4005fa31__2026-06-14_13-24-45.jpg,4005fa31__2026-06-14_13-27-10.jpg,12.708,13.65
4a14ce0f-6734-453a-843f-35a1d08207d3,TP,2026-06-14 13:43:55.203972-03,24,4a14ce0f__2026-06-14_13-40-35.jpg,4a14ce0f__2026-06-14_13-42-40.jpg,12.345,13.404
6f5a706b-b509-4b2e-8f6e-16e42cdd3468,B3,2026-06-14 14:37:54.38644-03,24,6f5a706b__2026-06-14_14-34-20.jpg,6f5a706b__2026-06-14_14-37-05.jpg,11.199,9.676
f7b278b3-efd9-47dc-bab9-7c75ce1e86a9,B3,2026-06-14 14:49:15.347199-03,24,f7b278b3__2026-06-14_14-45-25.jpg,f7b278b3__2026-06-14_14-48-00.jpg,10.72,12.052
d6978bd2-5583-471d-9142-8f1d959e4191,B3,2026-06-14 15:25:52.665815-03,24,d6978bd2__2026-06-14_15-23-00.jpg,d6978bd2__2026-06-14_15-29-10.jpg,11.74,12.687
2e3b9c36-6379-4db6-bb3d-65262e22089e,B3,2026-06-14 16:19:18.267794-03,24,2e3b9c36__2026-06-14_16-17-35.jpg,2e3b9c36__2026-06-14_16-23-30.jpg,12.682,12.566
5e5e1b9a-0f56-48ac-8e59-c262df7de52c,B3,2026-06-14 17:01:29.137658-03,24,5e5e1b9a__2026-06-14_16-58-20.jpg,5e5e1b9a__2026-06-14_17-00-16.jpg,10.322,10.293
2b2b5ebd-faa9-4c0d-9d84-9092bc804db6,B3,2026-06-14 18:57:14.486317-03,24,2b2b5ebd__2026-06-14_18-53-45.jpg,2b2b5ebd__2026-06-14_18-56-07.jpg,10.126,10.293
ffb40159-138f-4d9e-8e49-02869d67760f,B3,2026-06-14 20:17:32.373977-03,24,ffb40159__2026-06-14_20-14-15.jpg,ffb40159__2026-06-14_20-16-40.jpg,10.07,10.472
3a7dda03-cbad-4b0a-9460-f3e9f06ab443,TP,2026-06-15 08:05:52.280367-03,24,3a7dda03__2026-06-15_08-02-52.jpg,3a7dda03__2026-06-15_08-04-42.jpg,10.857,9.817
9d2aa9f7-c0b7-42f7-88b4-7f20afdbf91f,B3,2026-06-15 08:16:58.066361-03,24,9d2aa9f7__2026-06-15_08-13-57.jpg,9d2aa9f7__2026-06-15_08-18-22.jpg,10.015,10.514
148ebf08-6d34-4adc-b188-12fefc0914ad,B3,2026-06-15 10:29:51.409615-03,24,148ebf08__2026-06-15_10-25-57.jpg,148ebf08__2026-06-15_10-29-05.jpg,12.115,12.223
4d541b46-465d-427b-b89c-3f229eb5125d,B3,2026-06-15 10:51:47.850916-03,24,4d541b46__2026-06-15_10-46-52.jpg,4d541b46__2026-06-15_10-49-36.jpg,10.916,10.277
44f32681-5be5-4608-820b-a32dabef14a6,B3,2026-06-15 11:12:29.063675-03,24,44f32681__2026-06-15_11-07-42.jpg,44f32681__2026-06-15_11-10-57.jpg,13.05,11.359
89ae832f-d339-45d3-94bc-90708b22b797,TP,2026-06-15 12:10:59.331602-03,24,89ae832f__2026-06-15_12-10-17.jpg,89ae832f__2026-06-15_12-16-12.jpg,11.134,13.969
f7df8680-963f-4f23-91fe-5e7c76b24872,B3,2026-06-15 12:23:24.304232-03,24,f7df8680__2026-06-15_12-19-27.jpg,f7df8680__2026-06-15_12-21-52.jpg,11.993,10.889
678559fd-4c01-47ac-8d14-82cae9e97d8c,B3,2026-06-15 13:00:36.704843-03,24,678559fd__2026-06-15_12-56-42.jpg,678559fd__2026-06-15_12-58-52.jpg,11.761,13.16
9bf7b038-367c-4b82-b831-23b1ce7ecb83,B3,2026-06-15 13:26:23.501441-03,24,9bf7b038__2026-06-15_13-22-52.jpg,9bf7b038__2026-06-15_13-27-52.jpg,11.82,13.728
1f50c440-8a5c-48f2-960f-2db868ec02f8,B3,2026-06-15 15:56:30.845848-03,24,1f50c440__2026-06-15_15-52-17.jpg,1f50c440__2026-06-15_15-59-47.jpg,14.36,10.229
65353529-7da2-42e5-a502-e576dfb5ea93,B3,2026-06-15 19:35:11.798473-03,24,65353529__2026-06-15_19-32-01.jpg,65353529__2026-06-15_19-34-01.jpg,9.73,10.126
