event_id,bucket,created_at,after_motion,census_max_t16,census_mean_t16,census_ntiles_t16,edge_max_t16,edge_mean_t16,edge_ntiles_t16,ncc_min_t16,ncc_mean_t16,ncc_ntiles_t16,n_tiles_t16,census_max_t32,census_mean_t32,census_ntiles_t32,edge_max_t32,edge_mean_t32,edge_ntiles_t32,ncc_min_t32,ncc_mean_t32,ncc_ntiles_t32,n_tiles_t32,g_census_frac,g_changed_pct,g_edge_delta_pct,g_ncc,mask_area_px
be6b5e67-2286-4565-af7c-e6544ebaa1ce,TP,2026-05-19 22:13:48.723899-03,0.0,0.88,0.2307,73,0.4016,0.0253,12,-0.3657,0.6556,138,380,0.7139,0.2312,21,0.1797,0.0238,2,-0.3249,0.683,37,108,0.3862,25.269,-1.394,0.7356,90490
ad65ae06-bc84-456d-b216-a14f0591219b,TP,2026-05-20 10:14:20.563956-03,0.0,0.6914,0.0718,11,0.2121,0.0153,2,-0.1199,0.8174,47,380,0.5527,0.0709,3,0.1024,0.0144,0,0.0527,0.8344,11,108,0.2535,24.844,0.238,0.8276,90490
bc0528c2-8034-40a8-bad3-62f93136f44c,TP,2026-05-20 10:14:20.578949-03,0.0,0.7383,0.0852,26,0.25,0.0141,1,-0.3173,0.8059,46,380,0.6777,0.0846,7,0.1352,0.0148,0,-0.075,0.826,12,108,0.2508,23.398,-0.196,0.8298,90490
d00a79bd-4052-4406-986f-01707b7fc713,TP,2026-05-21 11:19:00.149683-03,0.0,0.8086,0.2502,74,0.4062,0.0375,24,-0.5281,0.5888,177,380,0.6553,0.2444,20,0.148,0.0349,0,-0.1976,0.6272,46,108,0.4203,29.861,0.143,0.7639,90490
d59d5309-60c5-4ce9-8a64-2c68342c07c5,TP,2026-05-21 11:34:48.693069-03,0.0,0.8555,0.152,34,0.1758,0.0244,7,-0.5649,0.7352,103,380,0.6333,0.1611,5,0.084,0.0257,0,-0.0387,0.7571,32,108,0.3059,19.991,-0.065,0.8531,90490
2bb892bc-c4d8-4175-b8b1-89007a82d133,TP,2026-05-21 15:29:54.019193-03,0.0,0.8906,0.3568,142,0.2969,0.028,13,-0.3135,0.425,250,380,0.8333,0.3487,41,0.2021,0.0264,2,-0.3076,0.4687,64,108,0.5722,47.308,0.884,0.4788,90490
3c840ac4-b0f7-4fec-b696-dd7e68725b49,TP,2026-05-23 13:39:20.897141-03,0.0,0.7383,0.2468,32,0.3168,0.0285,11,-0.2229,0.5427,256,380,0.6528,0.2518,5,0.1987,0.0293,3,-0.1895,0.5565,72,108,0.5166,58.058,1.613,0.6415,90490
cfb7177e-2c76-4eeb-9760-b1118ebef8f7,TP,2026-05-26 16:17:05.603261-03,0.0,0.8594,0.4932,198,0.3203,0.0381,17,-0.5609,0.2169,350,380,0.8246,0.4889,58,0.1543,0.0396,1,-0.3541,0.2492,96,108,0.6915,59.064,-1.438,0.2232,90490
f0bd4e3d-eeeb-4a5d-81a7-81b79d0fb1eb,TP,2026-05-26 17:38:33.608254-03,0.0,0.7148,0.0794,12,0.1875,0.022,3,-0.3191,0.8447,37,380,0.5547,0.0779,1,0.1389,0.0225,0,-0.0208,0.8633,8,108,0.2058,10.648,0.368,0.8461,90490
8fdb7d45-3093-46f2-bcf8-a1fb2ac49dbd,TP,2026-05-26 17:38:34.689523-03,0.0,0.6445,0.0425,6,0.1608,0.013,1,-0.0348,0.8948,11,380,0.5273,0.0445,1,0.0645,0.013,0,0.1064,0.9114,3,108,0.1624,9.462,0.523,0.9212,90490
194ed500-6c09-41fd-be26-9758c80b849b,TP,2026-05-26 17:38:36.292899-03,0.0,0.7266,0.0657,9,0.1289,0.0146,0,-0.1372,0.834,47,380,0.5605,0.0622,1,0.0771,0.0147,0,0.0574,0.8571,10,108,0.218,13.398,-0.235,0.8354,90490
6b4d979d-b8e1-4634-a226-c38cb7e38055,TP,2026-05-28 11:03:55.476105-03,0.0,0.7383,0.1193,21,0.2031,0.0211,2,-0.3186,0.7391,97,380,0.583,0.1153,3,0.1333,0.0222,0,-0.119,0.7673,22,108,0.3106,31.432,0.215,0.7674,90490
cf39d55f-f305-41fd-987b-48309c02b0de,B3,2026-05-28 11:41:04.96591-03,0.0,0.8889,0.1411,7,0.1244,0.0102,0,-0.1662,0.7569,104,380,0.5758,0.1485,1,0.1366,0.0116,0,0.2248,0.7808,25,108,0.3685,33.404,-4.423,0.8512,90490
2bb86418-1bf2-4342-ab0a-668b39ef98cb,B3,2026-05-28 11:58:59.184714-03,0.0,0.6094,0.0846,3,0.1172,0.0156,0,0.0619,0.8075,51,380,0.4833,0.0888,0,0.0712,0.0159,0,0.0855,0.8214,12,108,0.2903,20.26,-0.696,0.8914,90490
580ab301-4f94-4880-8e65-9ee39ec82b96,B3,2026-05-28 12:32:52.171311-03,0.0,0.4102,0.0711,0,0.1442,0.0153,0,0.1923,0.8386,43,380,0.3125,0.0692,0,0.0677,0.0152,0,0.6109,0.8573,8,108,0.2429,14.714,-0.493,0.8981,90490
85d56cc5-630e-44b6-913d-e477393e121d,B3,2026-05-28 15:10:44.47674-03,0.0,0.8611,0.1186,9,0.1914,0.0232,4,-0.1438,0.752,80,380,0.5811,0.1132,1,0.0889,0.0229,0,0.0232,0.7812,14,108,0.3401,23.042,0.805,0.7725,90490
d36dfdd3-a1e2-4132-8a80-0efc4e5cb19b,TP,2026-05-28 19:03:46.934314-03,0.0,0.8281,0.2023,57,0.3359,0.0338,10,-0.4102,0.6469,137,380,0.6719,0.1942,13,0.2281,0.0344,3,-0.1716,0.6848,36,108,0.3864,21.934,-1.495,0.7014,90490
80fdbc2b-e478-4d2a-a844-731ef1b6d256,TP,2026-05-28 19:25:37.375367-03,0.0,0.9706,0.3226,112,0.3824,0.0519,31,-1.0,0.4635,224,380,0.7148,0.2948,26,0.186,0.0494,6,-0.2059,0.5407,61,108,0.4945,28.248,1.483,0.5873,90490
37d6feb0-c40f-47e3-a757-d12f2d62ea3e,B3,2026-05-28 22:25:10.888101-03,0.0,0.8203,0.1537,29,0.2969,0.035,10,-0.2052,0.764,97,380,0.6602,0.147,4,0.1953,0.0349,1,-0.0402,0.825,15,108,0.3041,12.594,1.363,0.8837,90490
9a47e511-a16a-4390-9316-67151e3c8fb1,TP,2026-05-29 05:53:39.900443-03,0.0,0.8438,0.2158,75,0.3633,0.0223,6,-0.3413,0.6062,142,380,0.7041,0.204,21,0.2051,0.0209,1,-0.1083,0.6266,42,108,0.4025,33.725,0.572,0.5259,90490
3840ceba-7185-4a52-92ed-4c328ddbcff7,TP,2026-05-29 06:05:37.152322-03,0.0,0.8398,0.2351,98,0.1371,0.0143,0,-0.269,0.5793,144,380,0.7344,0.2329,30,0.0897,0.0146,0,-0.1521,0.5943,44,108,0.404,34.985,0.608,0.4479,90490
7ada74a4-674c-403e-859c-7c10980e997f,TP,2026-05-29 06:59:25.51693-03,0.0,0.7266,0.1377,11,0.1406,0.0174,0,0.0469,0.7156,127,380,0.652,0.1452,3,0.1,0.0177,0,0.0286,0.7228,31,108,0.391,33.442,0.686,0.7566,90490
d27e2560-de7e-4847-8ba6-f57c642484bf,TP,2026-05-29 10:17:04.132262-03,0.0,0.8996,0.3254,86,0.1914,0.016,3,-0.3331,0.4868,267,380,0.7756,0.3177,19,0.1754,0.0174,1,-0.1741,0.5213,71,108,0.5384,48.592,-3.177,0.7282,90490
08533ffb-1985-4f16-8ab9-ed930f6467cc,B3,2026-05-29 10:44:25.716117-03,0.0,0.7695,0.1522,14,0.1289,0.017,0,-0.3408,0.7123,145,380,0.619,0.1574,2,0.0732,0.018,0,0.2905,0.7278,45,108,0.3543,26.005,-0.663,0.8865,90490
45dc0327-464c-4b70-8c3d-578bed9af07d,B3,2026-05-29 11:38:58.699464-03,0.0,0.6094,0.0997,4,0.1992,0.0177,1,0.1097,0.7896,92,380,0.4248,0.0983,0,0.0732,0.0173,0,0.4779,0.8122,21,108,0.315,31.353,0.8,0.867,90490
ae3d87cb-189c-4d80-b56e-d202d92b4e59,TP,2026-05-29 12:04:19.925817-03,0.0,0.6875,0.1026,2,0.1758,0.016,2,-0.0784,0.7878,80,380,0.5965,0.1071,1,0.0972,0.0173,0,0.3992,0.8103,16,108,0.3165,27.722,0.236,0.8644,90490
8367f372-247b-42fd-886d-61bfc600b303,TP,2026-05-29 12:47:57.313515-03,0.0,0.8519,0.2753,86,0.375,0.0198,5,-0.3625,0.5208,228,380,0.8007,0.2678,23,0.1098,0.0188,0,-0.1212,0.5589,64,108,0.5082,41.285,0.383,0.5782,90490
c4224caf-6cb9-48df-846d-b7ad0ea7d141,B3,2026-05-29 13:15:21.31394-03,0.0,0.7115,0.1693,5,0.1727,0.0135,2,-0.1114,0.6781,188,380,0.4884,0.1697,0,0.082,0.0139,0,0.2871,0.7058,55,108,0.4378,50.252,-1.596,0.7469,90490
90c05405-10a3-4d14-923b-3ce8b683eded,B3,2026-05-29 13:41:37.289348-03,0.0,0.7422,0.1343,5,0.25,0.0142,3,0.0949,0.7294,125,380,0.417,0.1304,0,0.2,0.0148,1,0.3607,0.7529,33,108,0.3886,31.797,-0.736,0.8075,90490
b41e38bc-d62d-4027-9fd1-b710565da912,B3,2026-05-29 17:20:36.046665-03,0.0,0.6562,0.1438,3,0.36,0.0208,3,0.2068,0.7329,126,380,0.3802,0.1458,0,0.1095,0.0207,0,0.4012,0.7621,27,108,0.3928,32.493,-0.272,0.8058,90490
95bdec5a-1de8-4539-b6e5-f1b50c49c96d,B3,2026-05-29 19:59:33.494131-03,0.0,0.668,0.0894,1,0.28,0.0196,3,0.1192,0.8345,45,380,0.3945,0.0935,0,0.0833,0.0186,0,0.3655,0.8518,8,108,0.2671,19.312,0.698,0.8914,90490
b69af1a2-4884-48ff-9510-9827596ba63f,TP,2026-05-30 02:26:20.051275-03,0.0,0.7891,0.1511,37,0.4023,0.0364,17,-0.2186,0.733,87,380,0.6934,0.1468,10,0.2456,0.0352,3,-0.0876,0.7482,22,108,0.2968,14.99,1.491,0.6631,90490
b3482d87-0da7-4573-b799-602b345143d9,B3,2026-05-30 06:43:18.480403-03,0.0,0.7552,0.0479,1,0.1797,0.0161,2,-0.2837,0.8636,16,380,0.3479,0.0506,0,0.084,0.0152,0,0.4312,0.8735,2,108,0.2072,13.934,0.12,0.9157,90490
69b8b0b6-d712-48af-a5bf-4266a6dd59fa,B3,2026-05-30 08:48:53.952117-03,0.0,0.6415,0.0848,2,0.2188,0.0185,3,-0.0233,0.7847,62,380,0.4286,0.084,0,0.1045,0.018,0,0.2504,0.8027,12,108,0.2742,22.147,0.27,0.8654,90490
66552250-ab55-4b97-9976-ba1adedd5e25,TP,2026-05-30 10:18:54.652291-03,0.0,0.9167,0.2478,44,0.2756,0.0218,4,-0.4006,0.5424,241,380,0.9167,0.245,8,0.125,0.0208,0,-0.0945,0.5773,66,108,0.4736,37.843,-2.347,0.7246,90490
c34ea9d5-00eb-4f36-bf13-861da0b236fb,TP,2026-05-30 12:39:19.871544-03,0.0,0.8086,0.2293,63,0.2,0.0131,2,-0.3304,0.5529,202,380,0.6865,0.2205,16,0.0667,0.0123,0,-0.2327,0.5889,54,108,0.4646,52.074,-4.729,0.5296,90490
889c8519-b2f5-4d0c-97a6-f731dbe1e411,TP,2026-05-30 13:19:08.016872-03,0.0,0.8667,0.168,7,0.3555,0.0305,14,-0.1909,0.6946,148,380,0.8667,0.1769,3,0.2639,0.0314,4,-0.1909,0.7178,38,108,0.3977,47.275,1.65,0.7382,90490
84dc54ad-3958-40a4-be5f-1343ec084e4f,B3,2026-05-30 13:39:39.949431-03,0.0,0.6094,0.1047,2,0.1367,0.015,0,0.0127,0.7926,77,380,0.2949,0.1034,0,0.0857,0.0156,0,0.4001,0.8235,13,108,0.2989,17.4,-0.996,0.8879,90490
0f90ca65-ceb8-429a-950c-d7c0777550bb,B3,2026-05-30 14:20:34.201892-03,0.0,0.6641,0.1097,5,0.1523,0.0203,1,0.0789,0.778,90,380,0.3506,0.1093,0,0.1017,0.0198,0,0.5674,0.8142,15,108,0.3161,25.938,0.217,0.8484,90490
c836bea4-6646-435b-8258-b80cad1b61e3,B3,2026-05-30 16:00:58.047431-03,0.0,0.5547,0.079,3,0.249,0.024,5,0.4479,0.8377,35,380,0.2939,0.0786,0,0.1718,0.0252,1,0.6042,0.8608,3,108,0.26,18.175,1.658,0.9059,90490
1f3009d5-21d8-4c68-8b9d-03419179ae06,B3,2026-05-30 16:12:21.677408-03,0.0,0.543,0.0646,2,0.2069,0.0186,1,0.0365,0.8509,32,380,0.2734,0.0647,0,0.0909,0.0193,0,0.364,0.8746,5,108,0.2241,13.881,0.328,0.9019,90490
49e304b7-4182-40c7-963f-7fb992e73909,B3,2026-05-30 17:17:20.209787-03,0.0,0.4141,0.0723,0,0.1329,0.0145,0,-0.025,0.8632,23,380,0.3103,0.0735,0,0.0813,0.0145,0,0.608,0.9005,2,108,0.2067,9.823,-0.557,0.9425,90490
8be1a215-ac5d-4bbf-8454-39cede2a087b,TP,2026-05-30 20:34:34.207831-03,0.0,0.7617,0.1242,14,0.3281,0.0251,7,-0.1243,0.7951,70,380,0.5156,0.124,3,0.1777,0.0236,1,-0.0561,0.8184,17,108,0.2749,12.122,0.285,0.8376,90490
0259140a-1210-415e-b7be-6416ad845532,TP,2026-05-30 22:05:51.782314-03,0.0,0.7695,0.1544,28,0.1562,0.0178,1,-0.6503,0.7391,100,380,0.5791,0.1409,5,0.1172,0.0173,0,-0.4066,0.7535,26,108,0.3192,17.784,-3.143,0.6462,90490
03bfaf38-7e6a-4430-8ae0-787c31248ab6,TP,2026-05-31 09:32:44.8137-03,0.0,0.7734,0.1291,27,0.2344,0.022,4,-0.3664,0.751,88,380,0.6621,0.1269,5,0.1299,0.0208,0,-0.048,0.7804,21,108,0.2956,18.967,0.256,0.7542,90490
c2b0294a-935e-41cd-ba22-689313937171,TP,2026-05-31 10:06:21.264357-03,0.0,0.7656,0.1543,18,0.2647,0.0222,3,-0.2095,0.7079,133,380,0.6592,0.1557,3,0.0881,0.0218,0,-0.1023,0.7346,31,108,0.3775,40.684,0.027,0.7553,90490
3a0d985b-12a6-4cbf-aee6-80cee0181c87,B3,2026-05-31 10:29:04.512712-03,0.0,0.8,0.136,9,0.1852,0.0244,5,-0.35,0.7349,103,380,0.5029,0.1275,1,0.1172,0.0236,0,-0.0913,0.7489,30,108,0.3134,20.455,-0.437,0.8823,90490
8af46b23-66e2-4d89-a314-13cdfd2aad57,B3,2026-05-31 11:30:17.686376-03,0.0,0.8,0.1475,6,0.1404,0.0139,0,-0.0106,0.7157,131,380,0.4978,0.1507,0,0.0709,0.0134,0,0.1331,0.7329,30,108,0.3876,41.786,-3.027,0.8086,90490
d249a14d-63ea-4ef6-94e2-64019853a95b,TP,2026-05-31 12:06:45.759976-03,0.0,0.7656,0.1252,9,0.3386,0.0246,5,-0.0487,0.7663,95,380,0.5333,0.128,1,0.1514,0.0233,1,-0.0075,0.7835,22,108,0.3492,25.779,0.895,0.8639,90490
a071b32e-b2ec-480e-a1f3-9c3cca147934,B3,2026-05-31 13:16:55.354857-03,0.0,0.8929,0.1804,27,0.4,0.0363,15,-0.6986,0.6903,131,380,0.7008,0.1783,7,0.1504,0.0332,1,-0.2171,0.7393,31,108,0.3924,30.587,1.716,0.898,90490
11d08e33-2f25-45c9-89d3-188142e0740f,B3,2026-05-31 14:12:54.901712-03,0.0,1.0,0.3418,69,0.2857,0.0228,3,-0.5783,0.5108,263,380,0.6553,0.3363,14,0.1794,0.0231,1,-0.4237,0.5412,60,108,0.5863,48.755,-2.42,0.6857,90490
50530e22-13ed-44fd-8543-dcca5549fef7,B3,2026-05-31 15:13:52.903617-03,0.0,0.5547,0.1075,3,0.2305,0.0254,4,0.1686,0.7817,80,380,0.5439,0.1079,1,0.1667,0.0254,1,0.5473,0.8084,16,108,0.3426,26.615,1.496,0.8952,90490
2df50334-491d-49e6-bc6d-98897da10c92,B3,2026-05-31 16:24:42.48226-03,0.0,0.6211,0.1008,2,0.2734,0.0343,11,-0.1121,0.7952,81,380,0.4252,0.1018,0,0.167,0.0338,2,0.3659,0.8267,12,108,0.3044,19.241,2.345,0.8823,90490
ba4d2af7-e373-44d3-b602-70af4c0e0a1b,TP,2026-05-31 16:58:46.382768-03,0.0,0.7227,0.0553,11,0.2353,0.0152,2,-0.1446,0.8549,28,380,0.5967,0.0529,2,0.0893,0.0149,0,0.0415,0.8688,7,108,0.2033,15.489,0.02,0.8713,90490
6af521a0-5631-4aba-893d-f05b775aab25,TP,2026-05-31 19:09:21.066093-03,0.0,0.64,0.0845,4,0.2383,0.0166,1,0.1841,0.8547,41,380,0.3086,0.0809,0,0.0912,0.0169,0,0.4491,0.8783,9,108,0.243,10.803,-0.805,0.9244,90490
719a9046-0a3a-4e59-8833-fa7f51bb4a7b,B3,2026-06-01 12:46:51.235225-03,0.0,0.9,0.1458,21,0.2167,0.0286,5,-0.4891,0.7447,101,380,0.9,0.1497,4,0.2167,0.0292,1,-0.4891,0.7781,18,108,0.337,23.637,1.033,0.9012,90490
1fd31006-1637-4f66-8788-b74482872f30,TP,2026-06-01 13:08:00.410647-03,0.0,0.85,0.2562,48,0.2167,0.024,6,-0.3087,0.5726,231,380,0.85,0.2571,12,0.2167,0.0257,1,-0.0994,0.599,58,108,0.4916,48.385,-1.763,0.6797,90490
ad89e39e-56c7-4abc-b795-7e1b7dc6e581,B3,2026-06-01 13:23:01.339946-03,0.0,0.9028,0.2146,25,0.2969,0.0283,7,-0.24,0.6611,155,380,0.9028,0.2199,3,0.25,0.0292,2,-0.2094,0.6795,38,108,0.443,39.546,0.077,0.834,90490
82b922ae-16aa-4aa9-8320-029ee66a007f,TP,2026-06-01 13:37:19.109134-03,0.0,0.8867,0.5656,270,0.2,0.0315,5,-0.6129,0.2848,351,380,0.8667,0.5737,83,0.1667,0.0322,1,-0.3061,0.339,96,108,0.72,51.122,0.283,0.6145,90490
8873d1a1-916b-49d5-a33b-69c0abdc437f,TP,2026-06-01 13:56:20.951186-03,0.0,0.96,0.3393,85,0.36,0.0279,7,-0.8518,0.4713,260,380,0.7833,0.3434,18,0.1071,0.0264,0,-0.8518,0.4662,72,108,0.5613,50.358,-2.375,0.6184,90490
7ffae02b-40f4-4c51-a7a9-a309187c16ed,B3,2026-06-01 14:47:19.177399-03,0.0,0.8667,0.2621,22,0.2969,0.0364,13,-0.3269,0.6103,230,380,0.8667,0.2645,4,0.1592,0.0354,2,0.0922,0.6579,57,108,0.5208,69.727,2.471,0.7829,90490
1930de97-55a5-4e0d-b606-50d080df49a2,B3,2026-06-01 15:06:09.304209-03,0.0,0.6641,0.2474,30,0.2383,0.0288,6,-0.1311,0.6264,216,380,0.65,0.2486,4,0.1286,0.0291,0,0.1565,0.6753,55,108,0.5077,36.593,0.724,0.7986,90490
a99b7dae-9b45-49c2-9710-c4ba43c55b50,TP,2026-06-01 17:23:08.792323-03,0.0,0.8966,0.1488,31,0.2227,0.0261,8,-0.3602,0.7382,84,380,0.652,0.1551,10,0.1396,0.0257,0,-0.2767,0.7447,24,108,0.3074,17.098,-0.125,0.7442,90490
0c7055c8-9abe-43f4-ac6e-8887278e6b07,TP,2026-06-01 18:11:29.758008-03,0.0,0.7773,0.1428,25,0.285,0.0311,8,-0.1903,0.7551,74,380,0.6667,0.1467,6,0.1742,0.0316,1,-0.056,0.7751,17,108,0.3293,19.507,1.522,0.7615,90490
4feb7732-12f3-427d-a995-e63b55916852,TP,2026-06-01 19:57:21.014281-03,0.0,0.668,0.0898,2,0.2266,0.0222,4,-0.0764,0.8332,41,380,0.4844,0.0857,0,0.0997,0.021,0,0.1923,0.8561,6,108,0.2595,12.068,0.356,0.9129,90490
6022da19-a1b4-49cb-a40c-e4bf7745a3bf,B3,2026-06-01 20:24:10.488396-03,0.0,0.3867,0.0473,0,0.16,0.0201,2,0.583,0.8963,7,380,0.2109,0.0457,0,0.1053,0.0198,0,0.7395,0.9161,0,108,0.1826,8.258,0.238,0.9583,90490
1717aef5-7b17-44d0-964c-cadac03dfc39,B3,2026-06-02 11:19:28.935249-03,0.0,0.5859,0.0658,1,0.1485,0.0159,0,0.2344,0.8438,29,380,0.4737,0.0669,0,0.0667,0.0152,0,0.3347,0.8687,3,108,0.2582,17.666,-0.309,0.9284,90490
c7b03d28-1da7-4c6b-ad75-23d9621fe682,B3,2026-06-02 14:18:07.353312-03,0.0,0.5273,0.087,1,0.1328,0.0161,0,0.0383,0.8346,48,380,0.4072,0.0886,0,0.1079,0.0165,0,0.3054,0.8532,9,108,0.2608,14.021,-0.609,0.9044,90490
c4bc567a-cc7d-474c-872b-13c1997d2873,TP,2026-06-02 15:53:12.644853-03,0.0,0.8359,0.2012,60,0.2148,0.0255,8,-0.5296,0.648,133,380,0.7295,0.1874,15,0.1404,0.026,0,-0.3634,0.683,33,108,0.3649,29.964,-2.921,0.7516,90490
5043229a-e7c9-4798-925c-377deeea8d85,TP,2026-06-02 16:08:07.483534-03,0.0,0.8793,0.4736,203,0.3984,0.0647,57,-0.5518,0.2605,323,380,0.7595,0.4572,60,0.2861,0.063,10,-0.1911,0.3196,90,108,0.6522,55.667,4.17,0.4047,90490
02b1f0d9-fce9-4079-bb84-fb5727f0faca,TP,2026-06-02 16:22:54.044925-03,0.0,0.7773,0.14,38,0.2188,0.0182,2,-0.2982,0.7697,86,380,0.6429,0.1411,8,0.0947,0.0186,0,-0.0987,0.785,25,108,0.3061,23.269,-0.475,0.8351,90490
07f2dd28-506e-4698-bffe-a1c579b2e8ec,B3,2026-06-02 17:15:46.120405-03,0.0,0.8485,0.2517,30,0.3516,0.0307,8,-0.391,0.6058,202,380,0.5826,0.2485,5,0.1719,0.0294,2,-0.3284,0.6387,56,108,0.4725,47.367,0.147,0.7578,90490
ea0f060a-0066-438c-8e79-9546627e96b6,B3,2026-06-02 17:45:36.511449-03,0.0,0.707,0.1585,13,0.3214,0.0226,6,-0.2548,0.7557,95,380,0.5166,0.1537,1,0.2667,0.0234,1,0.1761,0.8056,19,108,0.3582,24.862,-0.063,0.8687,90490
90cf40b9-b770-4f74-a37f-f6e3012ed355,B3,2026-06-02 23:12:12.878367-03,0.0,0.7695,0.0668,3,0.1667,0.0166,1,-0.3365,0.8847,33,380,0.4004,0.0628,0,0.1667,0.0171,1,0.1258,0.9198,6,108,0.21,10.972,0.354,0.9446,90490
7ebd2314-8349-49dc-b6a7-54b669331912,B3,2026-06-03 04:21:51.405018-03,0.0,0.88,0.0774,2,0.2188,0.0246,4,0.0014,0.8668,30,380,0.5439,0.0779,1,0.1162,0.0234,0,0.6162,0.8983,3,108,0.1873,2.859,0.349,0.9602,90490
8fc90d67-c846-41a3-953d-065d7f5e4374,B3,2026-06-03 05:13:52.0928-03,0.0,0.5039,0.0866,1,0.1351,0.0145,0,0.1681,0.8593,43,380,0.3112,0.0847,0,0.0954,0.0151,0,0.6009,0.8975,5,108,0.2196,4.256,-2.607,0.9624,90490
3da3bb27-e8d4-4087-affe-14a472bede36,TP,2026-06-03 10:26:05.691765-03,0.0,0.7422,0.11,12,0.25,0.0209,2,-0.1698,0.7693,74,380,0.6455,0.1054,3,0.1322,0.0232,0,-0.0442,0.792,16,108,0.2947,17.194,0.441,0.7785,90490
6b08dd18-e477-471e-abf8-9b235bac04b2,B3,2026-06-03 10:43:22.292265-03,0.0,0.6953,0.0761,3,0.1367,0.0156,0,-0.1229,0.8361,46,380,0.3486,0.0753,0,0.0831,0.0167,0,0.2261,0.846,13,108,0.2351,14.084,-0.104,0.865,90490
e52fec0f-948e-4fc7-8d19-379ed1affe08,TP,2026-06-03 11:20:33.935261-03,0.0,0.8268,0.1955,51,0.3164,0.0253,10,-0.4431,0.6459,144,380,0.7002,0.1959,10,0.2238,0.0267,3,-0.0555,0.6599,41,108,0.3871,31.714,1.769,0.7189,90490
9d0d11b6-ff46-4647-a1af-7f52ef02c282,B3,2026-06-03 12:17:47.982598-03,0.0,0.5283,0.0414,1,0.2587,0.0105,2,0.297,0.8648,21,380,0.2666,0.0421,0,0.0735,0.0108,0,0.6766,0.8814,2,108,0.2293,24.704,0.532,0.9105,90490
be780e80-05a3-41a2-815b-c6e6c27e067f,TP,2026-06-03 15:17:15.860556-03,0.0,0.7695,0.2619,82,0.1562,0.012,1,-0.3929,0.5033,206,380,0.626,0.242,18,0.0753,0.0124,0,-0.1164,0.5558,55,108,0.5169,54.22,-4.571,0.5337,90490
0927b49d-a0b2-4957-aadc-1e02ba7bf14c,B3,2026-06-03 15:39:22.992627-03,0.0,0.7748,0.1483,31,0.3427,0.0129,3,-0.4128,0.7015,117,380,0.7656,0.1581,7,0.2194,0.0159,2,-0.4012,0.7173,32,108,0.372,36.432,0.379,0.7428,90490
3c8b1451-779a-4b0a-b194-185b55c5874b,B3,2026-06-03 16:57:54.414288-03,0.0,0.6406,0.0385,7,0.0742,0.0059,0,0.1147,0.8792,15,380,0.4141,0.0386,0,0.0617,0.0061,0,0.6105,0.896,2,108,0.2113,20.439,-0.697,0.9148,90490
9a66db2e-7665-4699-9cf4-3d218cb592d7,B3,2026-06-03 17:22:16.227821-03,0.0,0.7305,0.1243,20,0.1367,0.0136,0,-0.2856,0.7479,76,380,0.6533,0.1262,3,0.0952,0.015,0,0.1024,0.7733,20,108,0.3524,32.223,-0.34,0.809,90490
83962f79-0f4c-4c43-a36b-fe1111b1da20,TP,2026-06-03 17:59:44.363677-03,0.0,0.7717,0.2369,77,0.2266,0.0139,2,-0.1916,0.605,159,380,0.7193,0.2335,23,0.0811,0.0133,0,-0.0295,0.6303,46,108,0.4405,39.304,0.046,0.6081,90490
88ffa4f0-ae33-4856-bea6-f85e5810d231,B3,2026-06-03 19:13:18.506391-03,0.0,0.5702,0.1014,9,0.1133,0.0103,0,-0.1698,0.7909,73,380,0.4975,0.1006,0,0.0835,0.0109,0,0.156,0.8074,19,108,0.3192,29.943,-0.507,0.8242,90490
152b587e-e9ca-4a2d-92c0-eab97794251b,B3,2026-06-04 11:48:43.515732-03,0.0,0.84,0.0516,2,0.1,0.0063,0,0.2102,0.806,32,380,0.2511,0.0542,0,0.0918,0.0075,0,0.4198,0.8133,6,108,0.3205,46.527,-0.008,0.847,90490
62f2201f-f8c1-4c4a-be60-9dba092788f0,B3,2026-06-04 17:15:48.895977-03,0.0,0.875,0.1484,49,0.1782,0.009,1,-0.1849,0.7165,112,380,0.6436,0.1416,8,0.081,0.0097,0,-0.0504,0.7442,31,108,0.3343,33.907,0.287,0.7203,90490
475a7953-035a-4e06-b822-39d07332271d,B3,2026-06-04 19:09:45.828275-03,0.0,0.7578,0.0704,13,0.1328,0.0081,0,-0.248,0.8176,45,380,0.6191,0.0734,3,0.0693,0.0087,0,-0.039,0.8327,8,108,0.26,27.485,0.261,0.8245,90490
d47b5f14-a29d-4ce8-abf6-e105d342eb0c,B3,2026-06-04 20:51:42.468425-03,0.0,0.8828,0.1225,30,0.1058,0.0083,0,-0.5065,0.7586,90,380,0.6977,0.13,6,0.0526,0.0089,0,-0.3258,0.7586,24,108,0.2939,28.401,-0.024,0.7754,90490
7b88bbfa-872b-4933-b849-f24bfd457c14,B3,2026-06-04 23:24:07.282667-03,0.0,0.3663,0.0219,0,0.0792,0.0059,0,0.5751,0.9058,3,380,0.2571,0.0233,0,0.0525,0.0064,0,0.7644,0.9142,0,108,0.1737,18.475,-0.208,0.9244,90490
711209bb-6f02-4812-a584-281ef93837a0,B3,2026-06-05 05:16:48.14578-03,0.0,0.6562,0.1324,6,0.193,0.0329,7,-0.1501,0.7733,84,380,0.5614,0.1307,1,0.0859,0.0311,0,0.1573,0.8077,14,108,0.2902,6.279,1.56,0.9012,90490
776e44df-c443-408c-93e0-6e3ed8489d9e,B3,2026-06-05 05:34:17.163569-03,0.0,0.6953,0.0628,8,0.1758,0.0204,2,-0.1425,0.836,35,380,0.4463,0.0577,0,0.1404,0.0202,0,0.2662,0.8522,8,108,0.2262,14.344,0.565,0.8356,90490
7f58a25f-f7ff-4560-884c-1687f57673c5,B3,2026-06-05 08:22:08.499178-03,0.0,0.7148,0.0812,9,0.24,0.0156,1,-0.3013,0.8022,51,380,0.6016,0.0869,2,0.1122,0.0166,0,-0.206,0.8139,9,108,0.2782,19.85,-1.543,0.7928,90490
712b3bc7-112e-4992-9f96-c3460bce84b1,B3,2026-06-05 08:54:27.0904-03,0.0,0.8929,0.1354,6,0.1741,0.0191,1,-0.2955,0.6832,157,380,0.4156,0.1334,0,0.1861,0.0205,1,-0.161,0.6863,46,108,0.3544,29.243,-1.462,0.7661,90490
ec77c751-c683-4fb3-866b-56a4ac12fc26,B3,2026-06-05 09:18:09.692033-03,0.0,0.6953,0.1537,12,0.1833,0.0232,3,-0.4393,0.6615,174,380,0.5155,0.1635,1,0.1833,0.0237,1,0.0468,0.6482,52,108,0.3633,30.788,-0.103,0.7218,90490
d38868e5-94d9-4745-871b-f9888ad5c9bd,B3,2026-06-05 10:08:22.323158-03,0.0,0.68,0.1959,16,0.32,0.0339,11,-0.2369,0.5809,239,380,0.5728,0.1979,2,0.1592,0.0321,1,0.0518,0.5606,74,108,0.4185,30.113,0.021,0.7134,90490
649299b3-2ff0-4019-b0c1-b1e5cfc71baf,B3,2026-06-05 10:20:12.591217-03,0.0,0.886,0.2202,24,0.2353,0.0271,6,-0.2404,0.5598,251,380,0.7612,0.2249,4,0.1417,0.0267,0,0.0353,0.5447,75,108,0.4471,34.297,-2.966,0.746,90490
f20508d4-b809-45a8-a1bc-10333c8e06d6,B3,2026-06-05 10:37:35.784096-03,0.0,0.75,0.2137,29,0.293,0.0428,21,-0.4977,0.5736,215,380,0.6173,0.2141,3,0.1982,0.0413,2,-0.2246,0.5524,65,108,0.4197,32.591,1.914,0.7437,90490
86dcacb1-5691-4daf-8207-054e2479fcb3,B3,2026-06-05 10:49:15.162008-03,0.0,0.9643,0.3136,43,0.3672,0.0633,46,-0.5223,0.4334,341,380,0.6455,0.3095,7,0.3,0.0635,10,-0.1425,0.4412,99,108,0.5709,80.701,5.391,0.284,90490
b83aba0c-d560-4a56-a577-6970f262736b,B3,2026-06-05 13:51:31.146296-03,0.0,0.9643,0.1809,5,0.2,0.0234,2,-0.5404,0.6536,222,380,0.4737,0.1807,0,0.2,0.0248,1,0.458,0.6908,60,108,0.4664,34.475,1.174,0.7757,90490
eac5c4ab-b61d-46d4-b7be-a791b106e0f6,B3,2026-06-05 14:03:48.916088-03,0.0,0.875,0.2147,57,0.1797,0.0181,2,-0.1889,0.5801,219,380,0.7222,0.2099,16,0.0625,0.0169,0,-0.1624,0.5984,64,108,0.4754,53.539,0.262,0.5911,90490
5e29a4d9-bcb5-4c49-9703-0fac3fe6032b,B3,2026-06-05 14:21:49.586851-03,0.0,0.876,0.1177,4,0.2,0.0165,1,-0.3709,0.7206,124,380,0.4053,0.1153,0,0.1173,0.0166,0,0.036,0.7537,24,108,0.3903,40.823,0.382,0.7766,90490
6fc04c08-e90f-44cc-a1ba-7a74251e1ecb,B3,2026-06-05 15:04:14.876968-03,0.0,0.7344,0.2063,13,0.2188,0.0169,2,-0.4554,0.6272,245,380,0.4725,0.2033,0,0.0918,0.0172,0,0.0391,0.6704,60,108,0.4977,38.061,0.401,0.7213,90490
5eb366e4-6445-4077-89a4-7b54ac0301e8,B3,2026-06-05 15:15:58.594374-03,0.0,0.6857,0.0809,5,0.1406,0.0116,0,-0.2593,0.7923,57,380,0.3714,0.0821,0,0.0659,0.0112,0,0.3703,0.8119,12,108,0.3143,29.638,0.245,0.8434,90490
41ba8d56-a9d5-4c55-80cc-4070226f36bb,B3,2026-06-05 16:05:32.985353-03,0.0,0.6445,0.1619,5,0.2148,0.0198,5,0.0689,0.6865,171,380,0.4912,0.1593,0,0.1074,0.0188,0,0.0689,0.7066,46,108,0.4236,52.728,0.631,0.6981,90490
bcd518c7-8a5a-4518-b079-aab5c5103a04,B3,2026-06-05 16:31:16.705456-03,0.0,0.8672,0.1148,25,0.1656,0.0158,3,-0.702,0.7503,74,380,0.6475,0.1141,6,0.1063,0.016,0,-0.3628,0.7587,24,108,0.3031,29.107,0.162,0.74,90490
2e0c9ed7-0380-4953-9994-c96525623148,B3,2026-06-05 19:42:59.77468-03,0.0,0.3867,0.0487,0,0.1288,0.0153,0,0.0455,0.8945,13,380,0.3684,0.0526,0,0.0742,0.0146,0,0.5631,0.9149,1,108,0.1965,10.758,0.372,0.9475,90490
716d1c2b-2129-4666-bd28-b5aece908b88,B3,2026-06-05 20:36:53.777605-03,0.0,0.8242,0.139,32,0.2305,0.0165,2,-0.3756,0.7701,83,380,0.6396,0.1357,5,0.1133,0.0161,0,-0.1934,0.7916,23,108,0.3034,19.98,-0.431,0.7746,90490
f53be038-76dc-4da6-80c9-8b985bae6f2c,B3,2026-06-06 12:54:52.677178-03,0.0,0.7383,0.0833,8,0.2461,0.0138,3,-0.0904,0.7849,75,380,0.4845,0.0854,0,0.114,0.0143,0,-0.0729,0.8055,15,108,0.2901,27.701,-0.473,0.869,90490
bec1fb3a-2d3a-4618-9cd3-c30a7cb5a7fe,B3,2026-06-06 13:08:56.587326-03,0.0,0.7695,0.136,5,0.25,0.02,7,-0.0174,0.6988,166,380,0.4225,0.1351,0,0.1667,0.021,1,0.061,0.7314,39,108,0.4,37.634,0.401,0.7844,90490
a1ecc016-1f41-46cd-8219-72db51af7ae8,B3,2026-06-06 13:22:07.073032-03,0.0,0.8,0.2325,32,0.4106,0.0238,14,-0.2122,0.5362,294,380,0.6794,0.2267,4,0.4019,0.0255,3,-0.1164,0.574,80,108,0.5075,48.621,-0.486,0.5932,90490
7ef70ea1-91fb-460e-aa1e-927f977b2fc7,B3,2026-06-06 15:42:08.346256-03,0.0,0.75,0.1366,46,0.375,0.0214,8,-0.4687,0.7146,99,380,0.6709,0.1228,7,0.1514,0.0208,1,-0.0505,0.7482,26,108,0.3032,26.962,0.137,0.6846,90490
f0e1ef92-842d-4aea-83e4-7558e5848ee8,B3,2026-06-06 16:02:24.778646-03,0.0,0.5039,0.0485,1,0.2376,0.0161,2,0.3021,0.8542,22,380,0.2354,0.0498,0,0.0721,0.0155,0,0.6347,0.8778,1,108,0.2349,20.261,0.685,0.9141,90490
744ffdd0-3c77-4c1c-8ee6-1ff528286bbb,B3,2026-06-06 16:25:37.129356-03,0.0,0.3,0.0306,0,0.1667,0.0128,1,0.4746,0.9028,9,380,0.1531,0.0289,0,0.0833,0.0135,0,0.7836,0.9212,0,108,0.1624,12.967,0.097,0.9464,90490
699b2d4b-9571-423b-bea5-00dc45e08ca3,TP,2026-06-06 17:30:32.330601-03,0.0,0.8667,0.1687,35,0.3438,0.0211,3,-0.4055,0.6765,129,380,0.8667,0.1685,6,0.1837,0.0212,1,-0.3885,0.7046,31,108,0.355,24.615,-1.421,0.8063,90490
e6185347-2acc-42fb-ad73-18ea0c4ae56b,B3,2026-06-06 18:00:36.057956-03,0.0,0.918,0.1539,40,0.3359,0.0281,10,-0.443,0.7213,96,380,0.7187,0.1556,12,0.2236,0.0276,1,-0.2915,0.7396,22,108,0.3118,21.447,-0.128,0.7891,90490
be0bdf5d-93e4-40e5-8afa-0ba2090c0d82,TP,2026-06-07 12:29:17.725404-03,0.0,0.8516,0.2246,37,0.24,0.0164,2,-0.3053,0.6126,195,380,0.7041,0.219,8,0.1667,0.0164,1,-0.105,0.6549,49,108,0.4737,38.027,-2.594,0.6586,90490
e777233d-c345-4a26-8f49-eedafa885afb,B3,2026-06-07 13:09:56.487094-03,0.0,0.5273,0.0392,1,0.1484,0.015,0,-0.0228,0.9002,19,380,0.2803,0.0396,0,0.0972,0.0154,0,0.4436,0.9136,3,108,0.1764,12.1,0.236,0.9594,90490
e69fa464-a165-432b-b177-2437a84697a3,B3,2026-06-07 13:47:54.456205-03,0.0,0.793,0.1213,24,0.15,0.0125,0,-0.2739,0.7485,85,380,0.7256,0.1251,9,0.15,0.0131,0,0.0036,0.78,19,108,0.3338,28.13,-0.495,0.8155,90490
53ac2b53-4024-40be-9835-4815a4888322,B3,2026-06-07 16:40:34.071265-03,0.0,0.8555,0.3049,113,0.3672,0.0307,16,-0.4912,0.4485,234,380,0.729,0.2888,26,0.2578,0.0288,4,-0.2936,0.4839,65,108,0.5157,51.669,-1.327,0.3758,90490
69620077-0d40-4636-bda5-868af2a7da11,B3,2026-06-07 17:12:18.482744-03,0.0,0.5941,0.0552,2,0.1667,0.0096,1,0.2908,0.8928,13,380,0.3653,0.0546,0,0.1667,0.0108,1,0.6819,0.9094,1,108,0.2257,16.58,-0.75,0.9447,90490
46a5c760-be44-42d3-ad5d-dcf86fd41091,B3,2026-06-07 20:35:08.309608-03,0.0,0.7695,0.1664,36,0.2475,0.0308,8,-0.3075,0.7325,106,380,0.6924,0.1609,7,0.1684,0.0314,2,-0.1076,0.7738,24,108,0.3698,24.531,1.308,0.8,90490
91376baf-5eaa-43ca-8857-a410724403a5,B3,2026-06-08 01:59:08.265784-03,0.0,0.6632,0.0602,4,0.1719,0.0149,1,0.0082,0.8941,26,380,0.4762,0.0609,0,0.0787,0.015,0,0.14,0.9107,5,108,0.1836,9.99,-0.017,0.9521,90490
8329c7b3-9092-4ef5-8349-fc5110eadda1,B3,2026-06-08 05:54:47.379046-03,0.0,0.4492,0.036,0,0.2333,0.0121,1,0.3398,0.9116,15,380,0.2041,0.0388,0,0.2333,0.014,1,0.6869,0.9283,1,108,0.1689,12.656,-0.191,0.96,90490
901dfd91-5ca8-4d40-803a-62550579f951,B3,2026-06-08 13:12:30.669294-03,0.0,0.6562,0.0784,2,0.207,0.0143,1,-0.2016,0.7931,74,380,0.4511,0.0809,0,0.1224,0.0149,0,0.1062,0.8001,19,108,0.2796,29.425,-0.122,0.8956,90490
43651af6-8ff2-461d-b13f-3c313a27bec9,B3,2026-06-08 14:46:48.449505-03,0.0,0.8203,0.1569,38,0.2438,0.0135,1,-0.4515,0.6678,122,380,0.682,0.1586,11,0.2208,0.0153,1,-0.4584,0.6691,34,108,0.3627,32.903,0.312,0.5992,90490
fe68de6f-c218-4ec4-8d67-650f076cfcfc,B3,2026-06-08 15:47:29.292926-03,0.0,0.793,0.2037,47,0.2695,0.0186,5,-0.3178,0.633,162,380,0.7002,0.1915,10,0.1221,0.0178,0,-0.2301,0.6644,46,108,0.4247,39.726,0.661,0.6524,90490
3a43f091-6a52-446e-8c4b-8f546dbf4c7a,TP,2026-06-09 12:38:28.904976-03,0.0,0.8125,0.1336,25,0.1435,0.0141,0,-0.2927,0.7154,109,380,0.6592,0.1378,5,0.0877,0.0146,0,-0.0729,0.7349,32,108,0.3582,34.793,-0.437,0.7919,90490
7668e74b-674d-4df9-b108-bc107efe899e,TP,2026-06-09 12:53:39.891686-03,0.0,0.7664,0.1743,39,0.1367,0.0146,0,-0.673,0.6474,142,380,0.7333,0.1717,9,0.0877,0.0156,0,-0.673,0.6536,43,108,0.409,40.312,-0.483,0.7294,90490
7db775b2-8249-4809-9699-17ba57040a52,TP,2026-06-09 13:09:17.974732-03,0.0,0.6328,0.0848,4,0.2857,0.0134,2,-0.0313,0.7904,66,380,0.4667,0.0925,0,0.0955,0.013,0,0.2386,0.8046,16,108,0.306,35.811,-0.167,0.8685,90490
d79364b6-0972-470b-9e7c-f1430c213d41,B3,2026-06-09 13:59:03.557303-03,0.0,0.8327,0.3198,57,0.4,0.0309,21,-0.467,0.5168,292,380,0.7917,0.3273,10,0.3571,0.0317,5,-0.1917,0.5558,74,108,0.596,55.791,1.563,0.6459,90490
ebc4c3e4-b8f4-4e33-afc8-aff128ee6ded,B3,2026-06-09 14:15:45.308271-03,0.0,0.75,0.1396,7,0.2057,0.0142,2,-0.5555,0.7202,124,380,0.5714,0.1428,1,0.1024,0.0156,0,-0.1369,0.7394,32,108,0.3891,36.359,-0.866,0.8569,90490
1c8a999d-bd01-47e4-838d-d165c3e6921a,B3,2026-06-09 14:27:12.517243-03,0.0,0.6071,0.1262,7,0.2188,0.0197,4,-0.7534,0.7428,112,380,0.4643,0.1278,0,0.1754,0.021,2,-0.4017,0.7571,28,108,0.3654,35.082,0.558,0.8592,90490
c35ccb74-c88a-4faf-b06b-098765d799ba,TP,2026-06-09 14:47:27.139301-03,0.0,0.8359,0.3355,66,0.207,0.0158,1,-0.2911,0.4746,289,380,0.7402,0.323,11,0.083,0.0165,0,-0.1425,0.5201,79,108,0.5947,66.108,-1.04,0.5664,90490
ff8d6b79-0c55-41ca-a436-6d8f1985348a,B3,2026-06-09 15:38:04.917541-03,0.0,0.6445,0.0772,2,0.2667,0.0149,2,-0.0164,0.8052,73,380,0.2729,0.0704,0,0.2667,0.0169,1,0.317,0.8308,14,108,0.2597,21.389,0.25,0.8845,90490
0e15f85f-55ab-4e64-b939-784552d9542c,B3,2026-06-09 16:19:31.345235-03,0.0,0.8164,0.1514,25,0.3125,0.015,7,-0.4795,0.6659,160,380,0.665,0.1492,5,0.1562,0.0145,1,-0.287,0.6899,34,108,0.3929,41.185,-1.326,0.7099,90490
3e4b9404-d42a-4c35-b924-3d08161be9ea,B3,2026-06-09 21:53:13.020235-03,0.0,0.7734,0.1658,46,0.3008,0.0234,9,-0.3462,0.7149,116,380,0.6768,0.1499,10,0.2617,0.0218,1,-0.1064,0.7432,30,108,0.3178,21.121,0.204,0.7019,90490
854018ea-83e2-47d3-98e7-05b36b6e20bb,B3,2026-06-09 22:17:47.925601-03,0.0,0.8611,0.116,27,0.3684,0.0281,13,-0.4846,0.8006,64,380,0.7125,0.122,9,0.3684,0.0316,4,-0.2081,0.8073,16,108,0.2462,13.723,1.603,0.8484,90490
0f871a82-62fc-40f4-a958-e2eccf4db9ad,B3,2026-06-10 05:11:19.847872-03,0.0,0.55,0.062,1,0.1167,0.0113,0,0.2954,0.8725,28,380,0.2529,0.0578,0,0.1122,0.0118,0,0.532,0.8994,4,108,0.1972,7.31,-1.491,0.9452,90490
a18f7f91-2e4e-43e9-9b21-8d96da58148d,B3,2026-06-10 07:37:44.802909-03,0.0,0.7812,0.1638,33,0.1523,0.0154,1,-0.1931,0.6824,130,380,0.6968,0.1729,7,0.0632,0.0153,0,-0.1962,0.6874,37,108,0.3743,32.337,-0.338,0.6905,90490
d7956e29-ecce-4f5e-af13-3a978a9b262f,B3,2026-06-10 08:41:07.114098-03,0.0,0.8167,0.0847,6,0.3214,0.0159,4,-0.2064,0.796,80,380,0.8167,0.0954,1,0.2,0.0164,1,-0.2064,0.782,23,108,0.259,22.99,-0.466,0.8254,90490
df78c5ae-8f25-40cc-a3bd-9e6f3d249164,TP,2026-06-10 08:53:05.266893-03,0.0,0.8398,0.2859,89,0.2266,0.0196,7,-0.287,0.5007,234,380,0.7305,0.2751,19,0.1234,0.0191,0,-0.1288,0.5145,65,108,0.5021,45.406,-0.766,0.5404,90490
d669b501-d034-433a-991f-5c5834bd5d37,B3,2026-06-10 09:05:07.70738-03,0.0,0.8008,0.3478,108,0.1833,0.0167,6,-0.5718,0.4343,283,380,0.7217,0.3349,24,0.1833,0.0187,2,-0.5718,0.4595,81,108,0.5635,50.959,-2.701,0.4262,90490
82de9362-4df4-4420-82f0-b195c9a27201,B3,2026-06-10 09:45:41.756916-03,0.0,0.7222,0.1756,11,0.3214,0.0236,9,-0.2777,0.6235,215,380,0.7222,0.1818,1,0.1871,0.0237,2,-0.021,0.5998,62,108,0.4032,33.56,0.299,0.6644,90490
d1096caa-8f63-412f-91a6-2357f29b0085,B3,2026-06-10 11:18:57.274057-03,0.0,0.592,0.0795,2,0.1914,0.0153,1,-0.1423,0.8051,68,380,0.4533,0.0804,0,0.0723,0.0149,0,0.1537,0.8224,15,108,0.2589,20.978,-0.162,0.9229,90490
cd76a625-fe72-46d9-9910-df151afc3779,B3,2026-06-10 11:29:32.238226-03,0.0,0.8125,0.1061,10,0.3281,0.0228,8,-0.2673,0.7661,98,380,0.6,0.1047,1,0.1787,0.0216,1,-0.1496,0.7669,29,108,0.3068,31.355,1.011,0.812,90490
abae87ed-ef70-4e40-acd2-ef3c7ded8e8d,B3,2026-06-10 11:59:41.468495-03,0.0,0.7812,0.1474,19,0.3571,0.0212,11,-0.3242,0.6631,157,380,0.6325,0.1488,6,0.1533,0.0212,1,-0.1956,0.6758,37,108,0.4194,54.05,0.257,0.7104,90490
fbdfea00-dfbb-420b-bcb0-7b654b8a05aa,B3,2026-06-10 12:47:36.867003-03,0.0,0.8242,0.3268,110,0.1667,0.0133,2,-0.2189,0.4348,272,380,0.7275,0.323,28,0.1667,0.0139,1,-0.084,0.4556,79,108,0.5596,54.108,-1.054,0.4802,90490
8bafeeea-3bbb-4cd0-a051-30de7eada23e,TP,2026-06-10 14:39:39.068885-03,0.0,0.8345,0.442,131,0.3333,0.0328,16,-0.3513,0.3045,365,380,0.722,0.4404,31,0.1982,0.0306,4,-0.1528,0.3309,106,108,0.672,64.972,1.136,0.2691,90490
95fcd71f-1a1a-4b2f-9d8f-3ec797ddad39,TP,2026-06-10 16:11:44.198857-03,0.0,0.8828,0.1335,25,0.2,0.0107,1,-0.3343,0.7207,105,380,0.8,0.1389,7,0.2,0.0112,1,-0.0606,0.7327,31,108,0.3356,29.663,-0.929,0.7684,90490
ecabb10b-95a5-4f8b-b169-2b35ec35435c,B3,2026-06-11 01:02:07.119464-03,0.0,0.6602,0.0686,7,0.1534,0.0131,1,-0.0244,0.8854,23,380,0.4424,0.0668,0,0.15,0.0137,0,0.3267,0.8979,7,108,0.2101,11.979,-0.177,0.9152,90490
441d1cef-2be6-41ac-8fbe-31aeca9b1070,TP,2026-06-11 09:57:06.103295-03,0.0,0.8515,0.2037,17,0.2667,0.019,5,-0.3094,0.5985,215,380,0.6833,0.2138,4,0.2667,0.0211,1,-0.1433,0.6051,70,108,0.4722,44.455,0.155,0.6938,90490
9bce2829-1f77-4cde-9c0c-07165d67e505,B3,2026-06-11 10:12:42.365231-03,0.0,0.88,0.2311,42,0.2812,0.0195,3,-0.4136,0.578,215,380,0.75,0.2392,12,0.1104,0.0196,0,-0.4136,0.5691,62,108,0.4631,42.821,-0.866,0.7002,90490
55067f32-14e0-4065-8329-4c119c85bb17,TP,2026-06-11 10:34:27.367695-03,0.0,0.8,0.2236,38,0.375,0.0238,11,-0.4005,0.5887,208,380,0.6378,0.2171,5,0.1677,0.0236,1,-0.0781,0.5964,59,108,0.4396,36.639,-1.027,0.7603,90490
03691006-e60a-45f8-a90a-dd7f5b37105f,B3,2026-06-11 12:23:32.380205-03,0.0,0.85,0.2157,11,0.1833,0.0131,1,-0.6178,0.6245,234,380,0.85,0.2235,1,0.1833,0.0151,1,-0.6178,0.6467,55,108,0.5171,45.401,-0.845,0.739,90490
417dda86-0992-4c03-94b0-e07376d20ea9,TP,2026-06-11 16:06:13.696868-03,0.0,0.9643,0.4163,171,0.2059,0.0174,4,-0.3789,0.3289,288,380,0.8333,0.4131,51,0.1667,0.0192,2,-0.2128,0.3499,78,108,0.6284,69.676,-1.645,0.2789,90490
f0c3c69a-1d32-4876-a9bf-6ba9866ccc48,B3,2026-06-11 16:18:35.057213-03,0.0,0.5898,0.1178,5,0.1714,0.0164,2,-0.0829,0.7619,113,380,0.4521,0.1113,0,0.105,0.0163,0,0.4062,0.7991,22,108,0.3272,27.677,0.024,0.8624,90490
020358a8-9734-41ad-b5a2-7b683920ff3c,B3,2026-06-11 17:23:46.774065-03,0.0,0.5352,0.1236,1,0.1788,0.015,1,0.0564,0.736,125,380,0.488,0.119,0,0.1675,0.0157,1,0.45,0.7625,28,108,0.3811,38.475,0.437,0.8053,90490
2ee63d2b-45b9-4148-a5ed-211f0c725bdc,TP,2026-06-12 02:33:22.988333-03,0.0,0.8235,0.1781,25,0.2578,0.0134,2,-0.186,0.6649,163,380,0.65,0.1856,6,0.123,0.0134,0,-0.0409,0.6834,44,108,0.4225,38.654,-0.919,0.7441,90490
315734c1-340b-43b3-8f86-8d3effcef4c0,TP,2026-06-12 10:49:33.920989-03,0.0,0.7461,0.0837,10,0.1406,0.0092,0,-0.0948,0.7909,69,380,0.5508,0.0826,1,0.0586,0.0093,0,0.2101,0.8058,14,108,0.2999,37.14,-0.906,0.8572,90490
0915828f-a9eb-442c-9261-9cc24ab8479e,B3,2026-06-12 11:22:14.624445-03,0.0,0.5312,0.0563,1,0.0781,0.0093,0,0.2177,0.8375,24,380,0.4333,0.0591,0,0.0612,0.0103,0,0.4737,0.8513,3,108,0.2625,27.032,-0.554,0.8986,90490
9df42280-58a7-486d-85f3-f82b65ddd7df,B3,2026-06-12 11:46:52.603695-03,0.0,0.3465,0.0426,0,0.1404,0.0116,0,0.1814,0.8613,23,380,0.3158,0.0436,0,0.1404,0.0134,0,0.1793,0.8704,2,108,0.2358,26.527,-0.063,0.9097,90490
edd30e3d-e613-471c-aff9-6ba9f77f72b3,B3,2026-06-12 12:56:04.514637-03,0.0,0.7148,0.0988,6,0.0977,0.0083,0,-0.3808,0.7737,82,380,0.5322,0.1033,1,0.0476,0.0083,0,0.0052,0.7796,23,108,0.3193,33.529,-0.192,0.8341,90490
91bd1956-de77-4c4f-9378-4d513d2e8b30,B3,2026-06-12 13:42:09.523711-03,0.0,0.5938,0.0874,2,0.1523,0.0098,1,0.1049,0.7626,88,380,0.4722,0.0885,0,0.0508,0.0102,0,0.3106,0.774,21,108,0.353,43.809,0.136,0.8311,90490
e55c2b72-9ae3-49e6-936f-d04df2e395e3,B3,2026-06-12 15:10:10.936592-03,0.0,0.803,0.1268,4,0.24,0.0161,2,-0.0031,0.7233,143,380,0.45,0.1298,0,0.15,0.0161,0,0.3191,0.7473,34,108,0.4128,37.049,1.081,0.8113,90490
26818056-fb4a-464b-9f25-68f34c27b22d,TP,2026-06-12 16:09:45.735104-03,0.0,0.8008,0.248,59,0.1088,0.0098,0,-0.3028,0.5284,266,380,0.6445,0.245,15,0.0557,0.0098,0,-0.0803,0.5446,79,108,0.5174,58.422,-1.429,0.4985,90490
69dcf208-e0a6-4d7b-80fd-ddf7de4d7666,TP,2026-06-12 17:01:52.774397-03,0.0,0.8235,0.1533,27,0.1328,0.0127,0,-0.4039,0.676,134,380,0.625,0.1564,9,0.1,0.0132,0,-0.1699,0.6955,31,108,0.4254,41.518,-1.741,0.7457,90490
0205e880-ebc7-4f7b-a124-452d74620e89,TP,2026-06-12 18:43:27.266459-03,0.0,0.875,0.3094,108,0.2656,0.0193,7,-0.6981,0.5216,216,380,0.6836,0.2915,27,0.2217,0.0184,1,-0.0979,0.5827,54,108,0.5092,42.925,-2.418,0.5027,90490
9814c090-7fa3-4bd1-a41a-9c09dfff17ca,TP,2026-06-12 21:24:37.815203-03,0.0,0.7812,0.1569,39,0.2656,0.0178,3,-0.5222,0.7485,99,380,0.6611,0.1487,9,0.124,0.0171,0,-0.3328,0.7756,23,108,0.3152,24.577,0.154,0.7491,90490
22232031-066d-468f-b212-13c5abe6c6fd,TP,2026-06-13 09:44:17.011012-03,0.0,0.8672,0.4577,147,0.2148,0.0211,3,-0.3899,0.281,369,380,0.7222,0.4594,39,0.1221,0.0205,0,-0.2793,0.283,105,108,0.6743,73.718,-2.945,0.3705,90490
c3477267-f145-43b7-beeb-97d6cece9862,B3,2026-06-13 10:39:27.496962-03,0.0,0.8125,0.1422,13,0.2456,0.0202,4,-0.4014,0.7179,130,380,0.7193,0.1394,2,0.2456,0.0233,1,0.0638,0.7407,33,108,0.342,30.088,-0.536,0.842,90490
7cf299f3-d940-48db-b645-0b181e3f5804,B3,2026-06-13 11:00:11.816151-03,0.0,0.72,0.1232,10,0.2266,0.0225,7,-0.1649,0.7286,121,380,0.5972,0.1242,2,0.1211,0.0228,0,-0.4283,0.7229,31,108,0.3366,34.678,0.359,0.7786,90490
60d44ce8-7d2e-43f9-91c3-2a4cdd4ca376,B3,2026-06-13 11:14:00.413944-03,0.0,0.8281,0.1545,9,0.3008,0.0418,28,-0.0309,0.6783,174,380,0.6528,0.1549,1,0.2261,0.0409,4,-0.0792,0.6918,40,108,0.4224,73.411,3.163,0.6023,90490
ff12edaa-a458-4712-801a-8120d1d7201f,B3,2026-06-13 12:46:12.770787-03,0.0,0.8221,0.13,33,0.1836,0.0128,1,-0.5659,0.6969,109,380,0.7361,0.1339,8,0.0877,0.0136,0,-0.3281,0.7026,31,108,0.3576,35.931,-1.098,0.7587,90490
e76b157b-06ff-4f02-b13a-0ea3b4adf0f0,B3,2026-06-13 14:00:56.952302-03,0.0,0.8571,0.1255,9,0.1484,0.0154,0,-0.7665,0.7145,117,380,0.7398,0.1238,2,0.1111,0.0165,0,-0.7243,0.7277,27,108,0.3851,38.363,0.116,0.8248,90490
02c019f4-6454-4a0d-8bdc-29ef5887fe55,B3,2026-06-13 14:12:42.395259-03,0.0,0.9375,0.4198,117,0.1961,0.0161,1,-0.6419,0.4269,330,380,0.7379,0.4162,24,0.1111,0.0169,0,-0.0324,0.473,91,108,0.6684,52.63,-0.635,0.6624,90490
3ce0c63c-2bc8-4a89-b4ad-be0919f6f1b1,B3,2026-06-13 14:24:51.045743-03,0.0,0.9643,0.2138,31,0.2857,0.0218,5,-0.5348,0.5947,211,380,0.5938,0.2105,6,0.0938,0.0206,0,-0.1703,0.6091,58,108,0.4753,44.843,-0.335,0.7653,90490
7833192e-22fd-4373-b493-101a54ab943b,B3,2026-06-13 14:36:25.900207-03,0.0,0.84,0.1904,17,0.2576,0.0218,10,-0.2392,0.6759,163,380,0.7222,0.1863,2,0.1602,0.0207,1,-0.0605,0.6878,50,108,0.4279,36.673,-1.26,0.8017,90490
f789bf44-3f8c-4c9b-9aff-f59f4b99836d,B3,2026-06-13 15:36:40.696472-03,0.0,0.6258,0.1044,6,0.1953,0.017,3,-0.1435,0.7804,87,380,0.3823,0.1025,0,0.1675,0.0177,1,0.231,0.7981,23,108,0.3059,22.284,0.024,0.8676,90490
eab009ec-3019-451e-a3c8-081fbec8a5f6,B3,2026-06-13 15:48:41.478365-03,0.0,0.6842,0.0632,1,0.2167,0.0141,1,0.0107,0.8361,53,380,0.6842,0.0712,1,0.1404,0.015,0,0.1321,0.8416,14,108,0.2242,19.407,-0.215,0.8992,90490
8659f874-99e9-427d-b25d-c1ae0e4e2c66,B3,2026-06-13 16:00:15.631299-03,0.0,0.6328,0.0997,4,0.2105,0.017,2,-0.1867,0.767,99,380,0.548,0.1078,1,0.2105,0.0186,1,0.2729,0.7691,28,108,0.322,33.494,0.129,0.8008,90490
a61868a6-4113-4500-a3a2-c717cbe6fdea,TP,2026-06-13 16:12:40.876826-03,0.0,0.8516,0.2785,65,0.3333,0.0273,9,-0.3966,0.5055,261,380,0.6963,0.2701,14,0.3333,0.0288,2,-0.2319,0.5321,72,108,0.5317,50.936,-0.479,0.546,90490
f06944a9-2cb1-40cb-9803-0b74e53ac623,B3,2026-06-13 16:30:53.680949-03,0.0,0.6528,0.0494,3,0.1914,0.0145,2,-0.0412,0.865,40,380,0.6528,0.0528,1,0.0771,0.0137,0,-0.0412,0.8732,11,108,0.2006,12.94,0.048,0.9521,90490
bb2c64b9-f3ae-4884-9b81-bdbc6abaef6a,TP,2026-06-13 21:11:51.455562-03,0.0,0.7188,0.1353,19,0.168,0.02,2,-0.1981,0.7661,89,380,0.5908,0.1303,1,0.1167,0.02,0,-0.0459,0.7887,25,108,0.3153,18.203,-0.718,0.8283,90490
56f15c71-eb05-4080-822e-7206e03495f4,B3,2026-06-13 22:28:35.970427-03,0.0,0.8214,0.063,2,0.1484,0.0185,0,-0.0073,0.8764,29,380,0.3541,0.0659,0,0.0957,0.0194,0,0.1636,0.8872,6,108,0.1978,9.622,0.283,0.9465,90490
4f2a0d65-7dd8-4155-80e4-5f9628d32853,B3,2026-06-14 10:12:15.677609-03,0.0,0.8596,0.1316,10,0.2086,0.0209,3,-0.5806,0.7517,108,380,0.8596,0.1334,1,0.1167,0.0218,0,0.0801,0.7829,25,108,0.3289,27.116,0.586,0.8829,90490
0dd2fb9c-9d9a-46be-b2cc-07962c8dcaca,TP,2026-06-14 11:32:44.565259-03,0.0,0.8421,0.1776,46,0.2812,0.0238,8,-0.5182,0.6725,141,380,0.8421,0.1857,13,0.1579,0.0241,1,-0.201,0.6655,42,108,0.3421,29.011,0.641,0.691,90490
a06e68e4-3cb3-4327-a77c-427530d3d2ab,TP,2026-06-14 11:44:55.476014-03,0.0,0.874,0.1542,42,0.3824,0.0223,8,-0.2864,0.7104,106,380,0.7202,0.149,8,0.183,0.0209,1,-0.2878,0.7231,34,108,0.3376,29.759,0.518,0.7471,90490
636c5658-6f40-4b21-8dad-9c81ac259e32,TP,2026-06-14 11:56:19.797664-03,0.0,0.8438,0.3224,119,0.375,0.0504,40,-0.5442,0.4229,239,380,0.7061,0.3142,33,0.3472,0.0507,11,-0.5518,0.4385,69,108,0.5365,49.369,2.985,0.5219,90490
6ef5009d-0ab2-4ba3-a735-51aba0a26cb9,B3,2026-06-14 12:11:38.864983-03,0.0,1.0,0.1715,39,0.25,0.0173,5,-0.6013,0.7017,118,380,0.6143,0.1568,8,0.1074,0.0171,0,-0.2302,0.7373,28,108,0.3978,38.627,0.355,0.7357,90490
6825c428-7a82-4269-b1c2-3df065e7c90e,B3,2026-06-14 12:58:46.356267-03,0.0,0.68,0.1041,7,0.2368,0.0119,1,-0.4118,0.7814,69,380,0.4383,0.1066,0,0.0971,0.0125,0,-0.1985,0.8022,18,108,0.3275,33.652,-0.208,0.8778,90490
53358038-3e38-4b7d-a2e8-f99aeaa5ef58,B3,2026-06-14 13:13:28.578313-03,0.0,0.92,0.2404,45,0.2812,0.0147,1,-0.7343,0.5844,203,380,0.6378,0.2278,7,0.125,0.014,0,-0.4803,0.6237,56,108,0.4929,47.656,-0.414,0.7289,90490
4005fa31-be30-46af-848e-c06af9462058,B3,2026-06-14 13:28:30.417641-03,0.0,0.7143,0.0856,8,0.1429,0.0105,0,-0.5584,0.817,62,380,0.4833,0.0894,0,0.0667,0.0102,0,-0.2717,0.826,15,108,0.2889,31.122,-0.509,0.9032,90490
4a14ce0f-6734-453a-843f-35a1d08207d3,TP,2026-06-14 13:43:55.203972-03,0.0,0.84,0.186,33,0.1328,0.0111,0,-0.7156,0.6686,140,380,0.6608,0.1915,9,0.0764,0.0108,0,-0.1754,0.6826,41,108,0.4615,44.536,-1.298,0.7945,90490
6f5a706b-b509-4b2e-8f6e-16e42cdd3468,B3,2026-06-14 14:37:54.38644-03,0.0,0.64,0.1194,5,0.375,0.0215,7,0.0045,0.7754,87,380,0.5165,0.1242,1,0.1833,0.0222,2,0.122,0.7958,18,108,0.3511,28.585,0.624,0.8988,90490
f7b278b3-efd9-47dc-bab9-7c75ce1e86a9,B3,2026-06-14 14:49:15.347199-03,0.0,0.7214,0.2645,19,0.2734,0.019,5,-0.2389,0.5969,278,380,0.7093,0.274,2,0.2467,0.0215,2,-0.1306,0.6136,80,108,0.5403,40.961,0.318,0.7315,90490
d6978bd2-5583-471d-9142-8f1d959e4191,B3,2026-06-14 15:25:52.665815-03,0.0,0.6953,0.0706,6,0.1104,0.0099,0,0.1342,0.8466,31,380,0.6191,0.0695,1,0.0498,0.0101,0,0.4514,0.868,5,108,0.2766,26.278,-0.172,0.9164,90490
2e3b9c36-6379-4db6-bb3d-65262e22089e,B3,2026-06-14 16:19:18.267794-03,0.0,0.7617,0.1165,17,0.12,0.0106,0,-0.1338,0.7822,72,380,0.6953,0.1165,1,0.1039,0.0115,0,0.0226,0.8134,13,108,0.3446,33.905,-0.616,0.8706,90490
5e5e1b9a-0f56-48ac-8e59-c262df7de52c,B3,2026-06-14 17:01:29.137658-03,0.0,0.3867,0.0277,0,0.0898,0.0076,0,-0.2235,0.9172,9,380,0.1895,0.027,0,0.0452,0.0075,0,0.5724,0.9315,1,108,0.1617,15.077,-0.275,0.9523,90490
2b2b5ebd-faa9-4c0d-9d84-9092bc804db6,B3,2026-06-14 18:57:14.486317-03,0.0,0.7656,0.0505,2,0.1562,0.0102,1,0.0622,0.8986,11,380,0.3438,0.0509,0,0.0806,0.0101,0,0.4618,0.9152,1,108,0.2093,16.6,-0.476,0.9459,90490
ffb40159-138f-4d9e-8e49-02869d67760f,B3,2026-06-14 20:17:32.373977-03,0.0,0.8281,0.1139,33,0.1602,0.0122,1,-0.3113,0.7999,57,380,0.6794,0.112,9,0.0881,0.0132,0,-0.2558,0.8183,14,108,0.2981,26.835,-0.464,0.8327,90490
3a7dda03-cbad-4b0a-9460-f3e9f06ab443,TP,2026-06-15 08:05:52.280367-03,0.0,0.86,0.1164,42,0.2056,0.0106,1,-0.2784,0.7924,70,380,0.6582,0.1167,12,0.1404,0.0109,0,-0.068,0.801,19,108,0.2641,25.234,-0.116,0.8484,90490
9d2aa9f7-c0b7-42f7-88b4-7f20afdbf91f,B3,2026-06-15 08:16:58.066361-03,0.0,0.6836,0.046,3,0.0784,0.0078,0,-0.0078,0.8945,15,380,0.4727,0.051,0,0.0408,0.008,0,0.3388,0.8997,6,108,0.211,20.598,0.097,0.93,90490
148ebf08-6d34-4adc-b188-12fefc0914ad,B3,2026-06-15 10:29:51.409615-03,0.0,0.5245,0.0437,1,0.3986,0.0128,2,-0.0564,0.861,26,380,0.4816,0.0517,0,0.2811,0.0151,1,0.0618,0.8583,10,108,0.2183,23.336,0.317,0.9039,90490
4d541b46-465d-427b-b89c-3f229eb5125d,B3,2026-06-15 10:51:47.850916-03,0.0,0.5545,0.0807,1,0.1836,0.0154,2,0.1633,0.8122,71,380,0.3302,0.0835,0,0.0919,0.0147,0,0.2657,0.8119,17,108,0.2716,22.163,-0.692,0.9061,90490
44f32681-5be5-4608-820b-a32dabef14a6,B3,2026-06-15 11:12:29.063675-03,0.0,0.5547,0.079,1,0.125,0.0115,0,-0.1518,0.7977,68,380,0.4386,0.0836,0,0.05,0.0111,0,-0.0022,0.8061,19,108,0.279,31.331,-0.879,0.8914,90490
89ae832f-d339-45d3-94bc-90708b22b797,TP,2026-06-15 12:10:59.331602-03,0.0,0.7901,0.3141,79,0.1765,0.015,1,-0.438,0.4288,320,380,0.6807,0.3049,17,0.0898,0.0146,0,-0.164,0.4564,95,108,0.5832,63.142,-3.446,0.3786,90490
f7df8680-963f-4f23-91fe-5e7c76b24872,B3,2026-06-15 12:23:24.304232-03,0.0,0.7333,0.0562,2,0.2,0.0136,1,-0.3444,0.8437,32,380,0.7333,0.0601,1,0.0765,0.0135,0,-0.2572,0.8578,10,108,0.246,22.585,0.52,0.9309,90490
678559fd-4c01-47ac-8d14-82cae9e97d8c,B3,2026-06-15 13:00:36.704843-03,0.0,0.6992,0.1239,9,0.16,0.0142,1,-0.1276,0.7419,116,380,0.4771,0.1206,0,0.0656,0.0134,0,0.0371,0.758,30,108,0.3332,31.381,0.164,0.874,90490
9bf7b038-367c-4b82-b831-23b1ce7ecb83,B3,2026-06-15 13:26:23.501441-03,0.0,0.7143,0.163,9,0.2227,0.0123,2,-0.3654,0.6707,172,380,0.4248,0.1586,0,0.066,0.0126,0,0.1058,0.7088,43,108,0.4295,38.048,-0.069,0.8127,90490
1f50c440-8a5c-48f2-960f-2db868ec02f8,B3,2026-06-15 15:56:30.845848-03,0.0,0.8906,0.1969,53,0.1754,0.0125,1,-0.3694,0.6708,134,380,0.7783,0.1973,14,0.1754,0.0135,1,-0.1085,0.6967,38,108,0.407,37.128,-0.212,0.7807,90490
65353529-7da2-42e5-a502-e576dfb5ea93,B3,2026-06-15 19:35:11.798473-03,0.0,0.7969,0.1135,28,0.1562,0.0157,1,-0.3068,0.7686,77,380,0.625,0.1035,6,0.0674,0.0157,0,-0.0439,0.7818,22,108,0.2824,22.331,0.073,0.8047,90490
