arm,provider,model_id,event_id,det_id,category,n_raw,n_window,n_images_sent,img_mode,n_dropped_payload,payload_mb,gate_model,detail_model,prompt,json_mode,json_valid,gate_fire,gate_conf,disposal,detail_conf,waste_type,evidence,tok_in,tok_out,tok_think,cost_usd,latency_ms,error
gemma-3-27b:casc_v1_low,bedrock,google.gemma-3-27b-it,evt-20260715_085108,2a7571b8-d7ed-4e92-94a6-97cc13f2d3f1,tp,18,18,18,low,0,1.08,gemma-3-27b,gemma-3-27b,v1,text,1,1,95,1,95,Lixo domiciliar,A white van is parked near a large pile of waste. A person is seen exiting the van and depositing additional debris onto the existing pile over a period of several frames. The van remains stationary throughout the sequence.,8684,636,0,0.002239,34191,
gemma-3-27b:casc_v1_low,bedrock,google.gemma-3-27b-it,evt-20260714_220153,88f4aa05-bb52-4af9-88a1-b7c4ad21630f,fp,27,27,27,low,0,1.43,gemma-3-27b,gemma-3-27b,v1,text,1,1,95,1,95,Entulho,Individuo transportando material e depositando em pilha de lixo existente. Movimento estacionario do individuo e do material indica descarte.,11321,615,0,0.002838,42328,
gemma-3-27b:casc_v1_low,bedrock,google.gemma-3-27b-it,evt-20260715_073056,1fcd4f3e-dc8f-468a-8284-13dd6871d86f,fp,31,22,22,low,0,1.4,gemma-3-27b,gemma-3-27b,v1,text,1,1,95,1,95,Lixo domiciliar,"A person is observed repeatedly depositing debris onto an existing pile of waste. The person and the debris are stationary relative to the camera between frames, indicating intentional disposal.",10279,610,0,0.002596,42699,
gemma-3-27b:casc_v1_low,bedrock,google.gemma-3-27b-it,evt-20260715_104302,bae1b1c9-b5e4-403d-b776-c9bf1344ebb5,fp,39,24,24,low,0,1.39,gemma-3-27b,gemma-3-27b,v1,text,1,1,95,1,85,Lixo domiciliar,Motorcycle and rider stop near existing debris pile. Rider appears to deposit additional waste. Multiple individuals gather around the debris.,10865,604,0,0.002728,32423,
gemma-3-27b:casc_v1_low,bedrock,google.gemma-3-27b-it,evt-20260715_120735,5785e3d6-f2ef-4ae5-ad0b-e3a6a8214c74,fp,31,25,25,low,0,1.47,gemma-3-27b,gemma-3-27b,v1,text,1,1,95,1,95,Lixo domiciliar,Individuo estacionario ao lado de um veiculo descarregando material em uma pilha de lixo existente. Acao repetida ao longo da sequencia.,11158,602,0,0.002795,32233,
gemma-3-27b:casc_v1_low,bedrock,google.gemma-3-27b-it,evt-20260715_123608,9014a36e-7c1b-460a-8f3a-f07514937914,fp,17,17,17,low,0,0.98,gemma-3-27b,gemma-3-27b,v1,text,1,1,95,1,95,Entulho,A person on a motorcycle is observed stopping and depositing waste near an existing pile of debris. The person remains stationary for multiple frames while interacting with the waste.,8814,610,0,0.002259,43283,
gemma-3-27b:casc_v1_low,bedrock,google.gemma-3-27b-it,evt-20260715_125447,67dae9c1-1df3-400b-9742-ef02bd812c30,fp,52,25,25,low,0,1.43,gemma-3-27b,gemma-3-27b,v1,text,1,1,95,1,85,Lixo domiciliar,Veiculo branco estacionado proximo a pilha de lixo com individuo manuseando objeto e depositando no local. Acao repetida em varios frames.,11158,614,0,0.0028,26498,
gemma-3-27b:casc_v1_low,bedrock,google.gemma-3-27b-it,evt-20260715_165556,3da2f5d5-808b-4f99-9ecb-6d3272e918c3,tp,86,26,5,low,0,1.42,gemma-3-27b,gemma-3-27b,v1,text,1,0,85,0,,,A vehicle is parked in the scene throughout the frames. People are present but not actively depositing material. The existing litter pile remains largely unchanged.,2453,248,0,0.000658,11977,
gemma-3-27b:casc_v1_low,bedrock,google.gemma-3-27b-it,evt-20260715_165230,3da2f5d5-808b-4f99-9ecb-6d3272e918c3,tp,85,26,26,low,0,1.44,gemma-3-27b,gemma-3-27b,v1,text,1,1,95,1,95,Lixo domiciliar,"A dark-colored pickup truck is parked near a large pile of waste. Individuals are observed unloading materials from the truck and depositing them onto the existing waste pile. This activity is sustained across multiple frames, indicating intentional disposal.",11451,593,0,0.002859,34372,
gemma-3-27b:casc_v1_low,bedrock,google.gemma-3-27b-it,evt-20260715_181023,21c0edc7-5cc2-4d43-874f-45bae153a088,tp,81,32,32,low,0,1.71,gemma-3-27b,gemma-3-27b,v1,text,1,1,95,1,95,Entulho,A dark-colored vehicle with a trailer is parked near a large pile of debris. Two individuals are observed unloading material from the trailer onto the existing pile over a period of several minutes. This constitutes illegal dumping.,13209,612,0,0.003271,29326,
gemma-3-27b:casc_v1_low,bedrock,google.gemma-3-27b-it,evt-20260715_181251,21c0edc7-5cc2-4d43-874f-45bae153a088,tp,81,32,32,low,0,1.73,gemma-3-27b,gemma-3-27b,v1,text,1,1,95,1,95,Entulho,Individuals are actively unloading debris from a trailer onto an existing pile of waste. A vehicle is parked nearby during the entire sequence.,13209,610,0,0.00327,31167,
gemma-3-27b:casc_v1_low,bedrock,google.gemma-3-27b-it,evt-20260722_000031,evt-20260722_000031,baseline,9,9,5,low,0,0.33,gemma-3-27b,gemma-3-27b,v1,text,1,0,95,0,,,"The scene shows a large pile of existing waste. There is no visible change in the amount of waste between the first and last frames, and no people or vehicles are present.",2453,200,0,0.00064,8643,
gemma-3-27b:casc_v1_low,bedrock,google.gemma-3-27b-it,evt-20260715_181611,21c0edc7-5cc2-4d43-874f-45bae153a088,tp,70,32,32,low,0,1.74,gemma-3-27b,gemma-3-27b,v1,text,1,1,95,1,95,Entulho,Veiculo estacionado com reboque descarregando entulho em area irregular. Individuos manuseando e depositando material no local.,13209,613,0,0.003271,37580,
gemma-3-27b:casc_v1_low,bedrock,google.gemma-3-27b-it,evt-20260722_011328,evt-20260722_011328,baseline,6,6,6,low,0,0.24,gemma-3-27b,gemma-3-27b,v1,text,1,1,95,1,95,Lixo domiciliar,"Entre os frames iniciais e finais, observa-se o descarte de material por indivíduos na área de acúmulo de lixo. A presença de pessoas depositando material e a mudança na composição do lixo confirmam a infração.",5591,645,0,0.001531,21107,
gemma-3-27b:casc_v1_low,bedrock,google.gemma-3-27b-it,evt-20260722_013921,evt-20260722_013921,baseline,17,17,5,low,0,0.69,gemma-3-27b,gemma-3-27b,v1,text,1,0,0,0,,,"The scene shows a large pile of existing waste. New material appears on the ground between the first and last frames, suggesting illegal dumping. No person is visible handling the material.",2453,231,0,0.000652,6770,
gemma-3-27b:casc_v1_low,bedrock,google.gemma-3-27b-it,evt-20260722_023152,evt-20260722_023152,baseline,7,7,5,low,0,0.28,gemma-3-27b,gemma-3-27b,v1,text,1,0,90,0,,,"The scene shows a large pile of existing waste. There is no visible change in the amount of waste between the first and last frames, and no people or vehicles are present.",2453,202,0,0.000641,6507,
gemma-3-27b:casc_v1_low,bedrock,google.gemma-3-27b-it,evt-20260722_005727,evt-20260722_005727,baseline,32,32,32,low,0,0.91,gemma-3-27b,gemma-3-27b,v1,text,1,1,95,1,85,Lixo domiciliar,"Descarte de material nao identificado de um veiculo parado em movimento, visivel em multiplos frames. Apos o descarte, o veiculo se move.",13209,607,0,0.003269,34373,
gemma-3-27b:casc_v1_low,bedrock,google.gemma-3-27b-it,evt-20260722_040321,evt-20260722_040321,baseline,6,6,6,low,0,0.25,gemma-3-27b,gemma-3-27b,v1,text,1,1,95,1,95,Lixo domiciliar,"A person is observed walking towards and depositing material into an existing pile of waste. The person remains stationary near the waste pile for a period of time, indicating intentional disposal. A vehicle is also present in the initial frames near the waste pile.",5591,597,0,0.001513,19430,
qwen3-vl-235b:casc_v1_low,bedrock,qwen.qwen3-vl-235b-a22b,evt-20260715_073056,1fcd4f3e-dc8f-468a-8284-13dd6871d86f,fp,31,22,5,low,0,1.4,qwen3-vl-235b,qwen3-vl-235b,v1,tool,1,0,0,0,,,White vehicle remains stationary throughout all frames. Person walks into scene and stands near existing waste pile but does not deposit new material. No new ground material observed between first and last frame.,5669,223,0,0.003598,11926,
qwen3-vl-235b:casc_v1_low,bedrock,qwen.qwen3-vl-235b-a22b,evt-20260714_220153,88f4aa05-bb52-4af9-88a1-b7c4ad21630f,fp,27,27,5,low,0,1.43,qwen3-vl-235b,qwen3-vl-235b,v1,tool,1,0,0,0,,,A motorcycle with headlights on passes through the scene from right to left between frames; no vehicle is stopped and no person is seen depositing material. Pre-existing debris piles remain unchanged.,5669,216,0,0.003579,15419,
qwen3-vl-235b:casc_v1_low,bedrock,qwen.qwen3-vl-235b-a22b,evt-20260715_104302,bae1b1c9-b5e4-403d-b776-c9bf1344ebb5,fp,39,24,5,low,0,1.39,qwen3-vl-235b,qwen3-vl-235b,v1,tool,1,0,95,0,,,"Motorcycle and pedestrians move through the scene across frames; no vehicle is stationary for dumping, and no new material is deposited on the ground.",5670,215,0,0.003577,7190,
qwen3-vl-235b:casc_v1_low,bedrock,qwen.qwen3-vl-235b-a22b,evt-20260715_120735,5785e3d6-f2ef-4ae5-ad0b-e3a6a8214c74,fp,31,25,5,low,0,1.47,qwen3-vl-235b,qwen3-vl-235b,v1,tool,1,0,0,0,,,Green truck remains stationary across all frames. Person in yellow shirt walks away from truck but does not handle or deposit material. Large pre-existing waste pile unchanged.,5669,203,0,0.003545,8292,
qwen3-vl-235b:casc_v1_low,bedrock,qwen.qwen3-vl-235b-a22b,evt-20260715_123608,9014a36e-7c1b-460a-8f3a-f07514937914,fp,17,17,5,low,0,0.98,qwen3-vl-235b,qwen3-vl-235b,v1,tool,1,0,0,0,,,Green truck is stationary across all frames. Person is seen walking away from the truck but not depositing material. No new material appears on the ground between first and last frame. Existing litter pile remains unchanged.,5669,212,0,0.003568,8103,
qwen3-vl-235b:casc_v1_low,bedrock,qwen.qwen3-vl-235b-a22b,evt-20260715_085108,2a7571b8-d7ed-4e92-94a6-97cc13f2d3f1,tp,18,18,18,low,0,1.08,qwen3-vl-235b,qwen3-vl-235b,v1,tool,1,1,95,1,95,Entulho,"Veiculo branco estacionado com portas abertas e duas pessoas manuseando material ao lado, depositando resíduos no chão em área já contaminada. Ação ocorre em sequência temporal com os agentes estacionários, caracterizando descarte irregular.",11860,611,0,0.007911,27364,
qwen3-vl-235b:casc_v1_low,bedrock,qwen.qwen3-vl-235b-a22b,evt-20260715_125447,67dae9c1-1df3-400b-9742-ef02bd812c30,fp,52,25,5,low,0,1.43,qwen3-vl-235b,qwen3-vl-235b,v1,tool,1,0,0,0,,,"People are walking through the area; no vehicle is stopped for dumping, and no new material is being deposited on the ground. Existing litter remains unchanged.",5669,230,0,0.003616,8412,
qwen3-vl-235b:casc_v1_low,bedrock,qwen.qwen3-vl-235b-a22b,evt-20260715_165230,3da2f5d5-808b-4f99-9ecb-6d3272e918c3,tp,85,26,5,low,0,1.44,qwen3-vl-235b,qwen3-vl-235b,v1,tool,1,0,95,0,,,"Multiple vehicles and people move through the area across frames; no vehicle remains stopped long enough for dumping, and no person is seen actively depositing new material on the ground. Pre-existing waste piles remain unchanged.",5669,242,0,0.003648,15490,
qwen3-vl-235b:casc_v1_low,bedrock,qwen.qwen3-vl-235b-a22b,evt-20260715_181023,21c0edc7-5cc2-4d43-874f-45bae153a088,tp,81,32,32,low,0,1.71,qwen3-vl-235b,qwen3-vl-235b,v1,tool,1,1,95,1,95,Entulho,"Veiculo parado com reboque azul, duas pessoas descarregando material da carroceria diretamente sobre pilha preexistente de entulho. Acao ocorre em sequencia temporal com pessoas estacionarias e movimento de descarte visivel.",15431,599,0,0.009772,26158,
qwen3-vl-235b:casc_v1_low,bedrock,qwen.qwen3-vl-235b-a22b,evt-20260715_181251,21c0edc7-5cc2-4d43-874f-45bae153a088,tp,81,32,32,low,0,1.73,qwen3-vl-235b,qwen3-vl-235b,v1,tool,1,1,95,1,95,Entulho,"Dois indivíduos descartam entulho de forma irregular em via pública, utilizando um veículo utilitário com carreta azul. O material é descarregado manualmente e adicionado a uma pilha preexistente. O veículo permanece estacionado durante todo o processo, caracterizando comportamento de descarte.",15432,673,0,0.009969,21070,
qwen3-vl-235b:casc_v1_low,bedrock,qwen.qwen3-vl-235b-a22b,evt-20260722_000031,evt-20260722_000031,baseline,9,9,5,low,0,0.33,qwen3-vl-235b,qwen3-vl-235b,v1,tool,1,0,0,0,,,No vehicles or people visible in any frame; pre-existing litter remains unchanged.,5669,177,0,0.003475,4585,
qwen3-vl-235b:casc_v1_low,bedrock,qwen.qwen3-vl-235b-a22b,evt-20260715_165556,3da2f5d5-808b-4f99-9ecb-6d3272e918c3,tp,86,26,5,low,0,1.42,qwen3-vl-235b,qwen3-vl-235b,v1,tool,1,0,0,0,,,Vehicles and people are moving through the scene across frames; no vehicle is stationary with a person actively depositing material. Pre-existing waste piles remain unchanged.,5670,239,0,0.003641,42993,
qwen3-vl-235b:casc_v1_low,bedrock,qwen.qwen3-vl-235b-a22b,evt-20260722_005727,evt-20260722_005727,baseline,32,32,5,low,0,0.91,qwen3-vl-235b,qwen3-vl-235b,v1,tool,1,0,0,0,,,"No vehicles or people visible in any frame. Pre-existing debris on ground unchanged. Visual artifacts (light streaks) appear due to camera sensor or environmental conditions, not dumping behavior.",5669,226,0,0.003606,6149,
qwen3-vl-235b:casc_v1_low,bedrock,qwen.qwen3-vl-235b-a22b,evt-20260722_011328,evt-20260722_011328,baseline,6,6,5,low,0,0.24,qwen3-vl-235b,qwen3-vl-235b,v1,tool,1,0,0,0,,,No vehicles or people visible in any frame; ground litter is pre-existing and unchanged.,5669,170,0,0.003457,7224,
qwen3-vl-235b:casc_v1_low,bedrock,qwen.qwen3-vl-235b-a22b,evt-20260722_013921,evt-20260722_013921,baseline,17,17,5,low,0,0.69,qwen3-vl-235b,qwen3-vl-235b,v1,tool,1,0,0,0,,,No vehicles or people visible in any frame. Pre-existing litter piles unchanged across all frames. No new material deposited.,5669,199,0,0.003534,4777,
qwen3-vl-235b:casc_v1_low,bedrock,qwen.qwen3-vl-235b-a22b,evt-20260715_181611,21c0edc7-5cc2-4d43-874f-45bae153a088,tp,70,32,32,low,0,1.74,qwen3-vl-235b,qwen3-vl-235b,v1,tool,1,1,95,1,95,Entulho,"Veiculo SUV preto estacionado com reboque azul. Pessoas estacionarias entre o veiculo e uma pilha de entulho, manuseando material. Acao de descarte confirmada pela permanencia e movimento de carregamento.",15431,560,0,0.009668,22258,
qwen3-vl-235b:casc_v1_low,bedrock,qwen.qwen3-vl-235b-a22b,evt-20260722_023152,evt-20260722_023152,baseline,7,7,5,low,0,0.28,qwen3-vl-235b,qwen3-vl-235b,v1,tool,1,0,100,0,,,No vehicles or people visible in any frame. Pre-existing litter piles remain unchanged across all frames. No new material deposited.,5669,190,0,0.00351,4666,
qwen3-vl-235b:casc_v1_low,bedrock,qwen.qwen3-vl-235b-a22b,evt-20260722_040321,evt-20260722_040321,baseline,6,6,5,low,0,0.25,qwen3-vl-235b,qwen3-vl-235b,v1,tool,1,0,0,0,,,No vehicles or people visible in any frame. Pre-existing litter piles unchanged between frames. No new material deposited.,5669,210,0,0.003563,14214,
magistral-small:casc_v1_low,bedrock,mistral.magistral-small-2509,evt-20260714_220153,88f4aa05-bb52-4af9-88a1-b7c4ad21630f,fp,27,27,5,low,0,1.43,magistral-small,magistral-small,v1,tool,1,0,0,0,,,"The vehicle remains stationary in the same position across all frames. There is no person handling material near the vehicle, and no new material is observed on the ground in the final frame that was absent in the initial frame.",7348,228,0,0.004016,13273,
magistral-small:casc_v1_low,bedrock,mistral.magistral-small-2509,evt-20260715_104302,bae1b1c9-b5e4-403d-b776-c9bf1344ebb5,fp,39,24,5,low,0,1.39,magistral-small,magistral-small,v1,text,1,0,95,0,,,Two people and a motorcycle moving through the scene; no stationary vehicles or material handling observed.,7260,203,0,0.003934,8503,
magistral-small:casc_v1_low,bedrock,mistral.magistral-small-2509,evt-20260715_073056,1fcd4f3e-dc8f-468a-8284-13dd6871d86f,fp,31,22,22,low,0,1.4,magistral-small,magistral-small,v1,text,1,1,90,1,95,Entulho,"Pessoa se aproxima e manipula pilha de entulho, adicionando material. Posição estática entre frames indica descarte irregular.",16337,598,0,0.009066,28529,
magistral-small:casc_v1_low,bedrock,mistral.magistral-small-2509,evt-20260715_085108,2a7571b8-d7ed-4e92-94a6-97cc13f2d3f1,tp,18,18,18,low,0,1.08,magistral-small,magistral-small,v1,text,1,1,95,1,95,Entulho,"Veiculo branco estacionado proximo a pilha de entulho com pessoa em posicao estatica manuseando material, indicando descarte irregular. A pilha de entulho aumenta ao longo dos frames.",14869,583,0,0.008309,33780,
magistral-small:casc_v1_low,bedrock,mistral.magistral-small-2509,evt-20260715_125447,67dae9c1-1df3-400b-9742-ef02bd812c30,fp,52,25,5,low,0,1.43,magistral-small,magistral-small,v1,text,1,0,95,0,,,No vehicles or people moving; pre-existing waste piles unchanged.,7260,191,0,0.003916,7663,
magistral-small:casc_v1_low,bedrock,mistral.magistral-small-2509,evt-20260715_120735,5785e3d6-f2ef-4ae5-ad0b-e3a6a8214c74,fp,31,25,25,low,0,1.47,magistral-small,magistral-small,v1,text,1,1,95,1,95,Entulho,"Veículo utilitário verde estacionado próximo a pilha de entulho. Pessoa com jaqueta amarela visível entre o veículo e a pilha, aparentemente descarregando material. A pilha de entulho aumenta ao longo da sequência, indicando descarte irregular.",17284,560,0,0.009482,22917,
magistral-small:casc_v1_low,bedrock,mistral.magistral-small-2509,evt-20260715_123608,9014a36e-7c1b-460a-8f3a-f07514937914,fp,17,17,17,low,0,0.98,magistral-small,magistral-small,v1,text,1,1,95,1,90,Entulho,"Caminhão verde estacionado próximo a pilha de lixo com pessoa visível descarregando material. A pilha de lixo aumenta ao longo dos frames, indicando descarte irregular.",14524,567,0,0.008112,20983,
magistral-small:casc_v1_low,bedrock,mistral.magistral-small-2509,evt-20260715_165230,3da2f5d5-808b-4f99-9ecb-6d3272e918c3,tp,85,26,26,low,0,1.44,magistral-small,magistral-small,v1,text,1,1,95,1,95,"Entulho, Lixo domiciliar","Veiculo negro parado proximo a pilha de residuos com pessoas manuseando material. Pessoas estao estacionarias entre o veiculo e a pilha, indicando descarte irregular.",17629,555,0,0.009647,22650,
magistral-small:casc_v1_low,bedrock,mistral.magistral-small-2509,evt-20260715_165556,3da2f5d5-808b-4f99-9ecb-6d3272e918c3,tp,86,26,26,low,0,1.42,magistral-small,magistral-small,v1,text,1,1,95,1,85,Entulho,"Pessoa a pe em posicao estatica proxima a pilha de residuos, com movimento de manuseio visivel. Material novo observado sendo adicionado a pilha pre-existente entre os frames. Veiculo parado proximo a area de descarte, mas sem associacao direta com o descarte.",17629,621,0,0.009746,25039,
magistral-small:casc_v1_low,bedrock,mistral.magistral-small-2509,evt-20260715_181023,21c0edc7-5cc2-4d43-874f-45bae153a088,tp,81,32,32,low,0,1.71,magistral-small,magistral-small,v1,text,1,1,95,1,95,Entulho,Veículo com caçamba aberta descarregando material próximo a pilha de entulho. Pessoas visíveis manipulando material entre veículo e pilha.,19699,576,0,0.010714,25292,
magistral-small:casc_v1_low,bedrock,mistral.magistral-small-2509,evt-20260722_000031,evt-20260722_000031,baseline,9,9,5,low,0,0.33,magistral-small,magistral-small,v1,text,1,0,95,0,,,No vehicles or people visible in any frame. Pre-existing waste piles unchanged.,7260,195,0,0.003922,6537,
magistral-small:casc_v1_low,bedrock,mistral.magistral-small-2509,evt-20260722_005727,evt-20260722_005727,baseline,32,32,5,low,0,0.91,magistral-small,magistral-small,v1,text,1,0,90,0,,,"A vehicle is stationary in the same position across all frames, with no visible movement or people handling material. The ground material remains unchanged.",7260,196,0,0.003924,7009,
magistral-small:casc_v1_low,bedrock,mistral.magistral-small-2509,evt-20260715_181251,21c0edc7-5cc2-4d43-874f-45bae153a088,tp,81,32,32,low,0,1.73,magistral-small,magistral-small,v1,text,1,1,95,1,95,Entulho,"Pessoa e veículo parados próximo a pilha de resíduos, com material sendo manuseado e depositado ao longo da sequência. Veículo com caçamba aberta descarregando material.",19699,592,0,0.010738,25204,
magistral-small:casc_v1_low,bedrock,mistral.magistral-small-2509,evt-20260722_011328,evt-20260722_011328,baseline,6,6,5,low,0,0.24,magistral-small,magistral-small,v1,text,1,0,95,0,,,No vehicles or people visible in any frame. Pre-existing waste piles unchanged.,7260,190,0,0.003915,6557,
magistral-small:casc_v1_low,bedrock,mistral.magistral-small-2509,evt-20260722_013921,evt-20260722_013921,baseline,17,17,5,low,0,0.69,magistral-small,magistral-small,v1,text,1,0,95,0,,,No vehicles or people visible in any frame. Pre-existing waste piles unchanged.,7260,193,0,0.00392,7124,
magistral-small:casc_v1_low,bedrock,mistral.magistral-small-2509,evt-20260715_181611,21c0edc7-5cc2-4d43-874f-45bae153a088,tp,70,32,32,low,0,1.74,magistral-small,magistral-small,v1,text,1,1,95,1,95,Entulho,"Pessoa e veiculo parados proximos a pilha de residuos, com material sendo manuseado e depositado no chao. A posicao relativa dos agentes permanece inalterada entre frames, indicando descarte irregular.",19699,620,0,0.01078,28717,
magistral-small:casc_v1_low,bedrock,mistral.magistral-small-2509,evt-20260722_023152,evt-20260722_023152,baseline,7,7,5,low,0,0.28,magistral-small,magistral-small,v1,text,1,0,95,0,,,No vehicles or people visible in any frame. Pre-existing waste piles unchanged between frames.,7260,193,0,0.00392,6848,
magistral-small:casc_v1_low,bedrock,mistral.magistral-small-2509,evt-20260722_040321,evt-20260722_040321,baseline,6,6,5,low,0,0.25,magistral-small,magistral-small,v1,text,1,0,95,0,,,No vehicles or people visible in any frame. Pre-existing waste piles unchanged.,7260,195,0,0.003922,6799,
gemma-3-12b:casc_v1_low,bedrock,google.gemma-3-12b-it,evt-20260715_073056,1fcd4f3e-dc8f-468a-8284-13dd6871d86f,fp,31,22,5,low,0,1.4,gemma-3-12b,gemma-3-12b,v1,tool,0,,,,,,,,,,0.0,,"gate: schema: ValidationError: 1 validation error for GeminiNewLitterReport
scene_delta_analysis
  Input should be a valid string [type=string_type, input_value={'initial_frame': '2026-0... w"
gemma-3-12b:casc_v1_low,bedrock,google.gemma-3-12b-it,evt-20260715_085108,2a7571b8-d7ed-4e92-94a6-97cc13f2d3f1,tp,18,18,5,low,0,1.08,gemma-3-12b,gemma-3-12b,v1,tool,0,,,,,,,,,,0.0,,"gate: schema: ValidationError: 1 validation error for GeminiNewLitterReport
scene_delta_analysis
  Input should be a valid string [type=string_type, input_value={'initial_frame': '2026-0...un"
gemma-3-12b:casc_v1_low,bedrock,google.gemma-3-12b-it,evt-20260715_104302,bae1b1c9-b5e4-403d-b776-c9bf1344ebb5,fp,39,24,24,low,0,1.39,gemma-3-12b,gemma-3-12b,v1,text,1,1,95,1,95,Lixo domiciliar,"Indivíduo em moto se aproximou da área de descarte, desceu da moto e depositou material no chão. A moto permaneceu estacionada na área durante o descarte.",10865,574,0,0.001144,13708,
gemma-3-12b:casc_v1_low,bedrock,google.gemma-3-12b-it,evt-20260714_220153,88f4aa05-bb52-4af9-88a1-b7c4ad21630f,fp,27,27,27,low,0,1.43,gemma-3-12b,gemma-3-12b,v1,text,1,1,95,1,95,Lixo domiciliar,"Indivíduo carregando material em direção à pilha de lixo existente. O indivíduo se move rapidamente e estaciona próximo à pilha, depositando o material.",11744,620,0,0.001237,24101,
gemma-3-12b:casc_v1_low,bedrock,google.gemma-3-12b-it,evt-20260715_120735,5785e3d6-f2ef-4ae5-ad0b-e3a6a8214c74,fp,31,25,25,low,0,1.47,gemma-3-12b,gemma-3-12b,v1,text,1,1,95,1,95,Lixo domiciliar,"Um indivíduo em vestimenta amarela foi visto se aproximando de uma área com lixo e, em seguida, caminhando em direção a um veículo de transporte de mudança (Fretes Mudanças). O veículo permaneceu estacionado na área durante o período observado, sugerindo um possível descarte irregular de resíduos.",11158,664,0,0.001197,25292,
gemma-3-12b:casc_v1_low,bedrock,google.gemma-3-12b-it,evt-20260715_123608,9014a36e-7c1b-460a-8f3a-f07514937914,fp,17,17,17,low,0,0.98,gemma-3-12b,gemma-3-12b,v1,text,1,1,95,1,95,Entulho,Indivíduo foi visto depositando material em uma pilha de lixo preexistente. Veículo de transporte de entulho estacionado próximo à área de descarte.,8814,583,0,0.000962,18605,
gemma-3-12b:casc_v1_low,bedrock,google.gemma-3-12b-it,evt-20260715_125447,67dae9c1-1df3-400b-9742-ef02bd812c30,fp,52,25,25,low,0,1.43,gemma-3-12b,gemma-3-12b,v1,text,1,1,95,1,95,Lixo domiciliar,Indivíduo carregando um saco preto e depositando-o em uma pilha de lixo preexistente. Veículo preto parado próximo à área de descarte.,11158,608,0,0.001181,18578,
gemma-3-12b:casc_v1_low,bedrock,google.gemma-3-12b-it,evt-20260715_165230,3da2f5d5-808b-4f99-9ecb-6d3272e918c3,tp,85,26,26,low,0,1.44,gemma-3-12b,gemma-3-12b,v1,text,1,1,95,1,95,Entulho,"Indivíduos foram vistos depositando entulho em uma área de descarte irregular. Um veículo preto foi observado estacionado próximo à área de descarte, com pessoas carregando e depositando material.",11451,583,0,0.0012,18326,
gemma-3-12b:casc_v1_low,bedrock,google.gemma-3-12b-it,evt-20260715_165556,3da2f5d5-808b-4f99-9ecb-6d3272e918c3,tp,86,26,26,low,0,1.42,gemma-3-12b,gemma-3-12b,v1,text,1,1,95,1,95,Entulho,Indivíduo carregando material de entulho e depositando em área de descarte irregular. Veículo preto parado próximo à área de descarte.,11451,568,0,0.001195,18723,
gemma-3-12b:casc_v1_low,bedrock,google.gemma-3-12b-it,evt-20260715_181023,21c0edc7-5cc2-4d43-874f-45bae153a088,tp,81,32,32,low,0,1.71,gemma-3-12b,gemma-3-12b,v1,text,1,1,95,1,95,Lixo domiciliar,"Indivíduo depositando lixo em uma carretinha acoplada a um veículo preto. O indivíduo está carregando material de um amontoado de lixo pré-existente para a carretinha, e posteriormente descarregando na área de descarte.",13209,596,0,0.001362,28948,
gemma-3-12b:casc_v1_low,bedrock,google.gemma-3-12b-it,evt-20260722_000031,evt-20260722_000031,baseline,9,9,5,low,0,0.33,gemma-3-12b,gemma-3-12b,v1,text,1,0,85,0,,,"The scene shows a large accumulation of waste material. There is a noticeable increase in the amount of waste present in the last frame compared to the first, indicating new material has been added.",2453,231,0,0.000288,7016,
gemma-3-12b:casc_v1_low,bedrock,google.gemma-3-12b-it,evt-20260722_005727,evt-20260722_005727,baseline,32,32,5,low,0,0.91,gemma-3-12b,gemma-3-12b,v1,text,1,0,0,0,,,"The scene shows a significant increase in ground litter between the first and last frame, indicating active dumping behavior. No vehicles or people are observed handling material.",2453,230,0,0.000287,5494,
gemma-3-12b:casc_v1_low,bedrock,google.gemma-3-12b-it,evt-20260715_181251,21c0edc7-5cc2-4d43-874f-45bae153a088,tp,81,32,32,low,0,1.73,gemma-3-12b,gemma-3-12b,v1,text,1,1,95,1,95,Entulho,"Indivíduo depositando entulho de construção em área irregular. O indivíduo está carregando material de uma carroça para o chão, próximo a um veículo.",13209,594,0,0.001361,32204,
gemma-3-12b:casc_v1_low,bedrock,google.gemma-3-12b-it,evt-20260722_013921,evt-20260722_013921,baseline,17,17,5,low,0,0.69,gemma-3-12b,gemma-3-12b,v1,text,1,0,0,0,,,"The scene shows a large pile of waste. There is a noticeable increase in the amount of waste present in the last frame compared to the first, indicating dumping activity.",2453,236,0,0.000289,4919,
gemma-3-12b:casc_v1_low,bedrock,google.gemma-3-12b-it,evt-20260715_181611,21c0edc7-5cc2-4d43-874f-45bae153a088,tp,70,32,32,low,0,1.74,gemma-3-12b,gemma-3-12b,v1,text,1,1,95,1,95,Entulho,"Indivíduo carregando material de uma reboque para uma área de descarte irregular. O indivíduo permanece na mesma área e continua depositando material, indicando um ato de descarte intencional.",13209,613,0,0.001367,32027,
gemma-3-12b:casc_v1_low,bedrock,google.gemma-3-12b-it,evt-20260722_023152,evt-20260722_023152,baseline,7,7,5,low,0,0.28,gemma-3-12b,gemma-3-12b,v1,text,1,0,85,0,,,"The scene shows a large pile of waste. There is a noticeable increase in the amount of waste present in the last frame compared to the first, indicating new material has been added.",2453,227,0,0.000287,5719,
gemma-3-12b:casc_v1_low,bedrock,google.gemma-3-12b-it,evt-20260722_011328,evt-20260722_011328,baseline,6,6,6,low,0,0.24,gemma-3-12b,gemma-3-12b,v1,text,1,1,95,1,95,Lixo domiciliar,"Indivíduo depositando lixo em área já contaminada. Observa-se o indivíduo se aproximando da área de lixo e depositando material, seguido por outro indivíduo se afastando.",5591,607,0,0.000679,16352,
gemma-3-12b:casc_v1_low,bedrock,google.gemma-3-12b-it,evt-20260722_040321,evt-20260722_040321,baseline,6,6,6,low,0,0.25,gemma-3-12b,gemma-3-12b,v1,text,1,1,95,1,95,Lixo domiciliar,"Indivíduo caminhando em direção à pilha de lixo e depositando material. A quantidade de lixo na pilha aumenta visivelmente entre os frames, indicando descarte irregular.",5591,625,0,0.000684,10057,
kimi-k2.5:casc_v1_low,bedrock,moonshotai.kimi-k2.5,evt-20260714_220153,88f4aa05-bb52-4af9-88a1-b7c4ad21630f,fp,27,27,5,low,0,1.43,kimi-k2.5,kimi-k2.5,v1,tool,1,0,0,0,,,"A motorcycle with headlight on passes through the scene in frame 2 (22:01:57), entering from the right and exiting. No vehicle stopped and no person deposited material. The motorcycle was in motion throughout its brief appearance.",6996,207,0,0.004819,7278,
kimi-k2.5:casc_v1_low,bedrock,moonshotai.kimi-k2.5,evt-20260715_073056,1fcd4f3e-dc8f-468a-8284-13dd6871d86f,fp,31,22,5,low,0,1.4,kimi-k2.5,kimi-k2.5,v1,tool,1,0,0,0,,,"A person is walking through the scene near a pre-existing waste pile, but there is no vehicle stopped and no active dumping behavior observed. The white car remains parked throughout all frames.",6996,215,0,0.004843,9019,
kimi-k2.5:casc_v1_low,bedrock,moonshotai.kimi-k2.5,evt-20260715_104302,bae1b1c9-b5e4-403d-b776-c9bf1344ebb5,fp,39,24,5,low,0,1.39,kimi-k2.5,kimi-k2.5,v1,tool,1,0,0,0,,,"Motorcycle with rider and passenger drives through the scene from right to left, stopping briefly before continuing. A person walks alongside. All subjects exit the frame by the final frame. No dumping activity observed.",6996,216,0,0.004846,6192,
kimi-k2.5:casc_v1_low,bedrock,moonshotai.kimi-k2.5,evt-20260715_123608,9014a36e-7c1b-460a-8f3a-f07514937914,fp,17,17,5,low,0,0.98,kimi-k2.5,kimi-k2.5,v1,tool,1,0,0,0,,,"Vehicles and people moving through the scene: white car exits, person walks across, motorcycle with delivery box passes through. No dumping activity observed.",6996,200,0,0.004798,5011,
kimi-k2.5:casc_v1_low,bedrock,moonshotai.kimi-k2.5,evt-20260715_125447,67dae9c1-1df3-400b-9742-ef02bd812c30,fp,52,25,5,low,0,1.43,kimi-k2.5,kimi-k2.5,v1,tool,1,0,0,0,,,People walking through the area and a vehicle driving through. No stopped vehicle with person depositing material. Pre-existing waste piles remain unchanged.,6996,195,0,0.004783,6376,
kimi-k2.5:casc_v1_low,bedrock,moonshotai.kimi-k2.5,evt-20260715_085108,2a7571b8-d7ed-4e92-94a6-97cc13f2d3f1,tp,18,18,18,low,0,1.08,kimi-k2.5,kimi-k2.5,v1,tool,1,1,95,1,95,Lixo domiciliar,"Sequência mostra van branca estacionada próximo a grande pilha de lixo existente. Pessoa de camisa azul desce do veículo, carrega sacos brancos do interior da van e os deposita no chão ao lado do veículo, próximo à pilha de resíduos. Ação ocorre em múltiplos frames com o infrator em posição estacion",14205,685,0,0.010578,30443,
kimi-k2.5:casc_v1_low,bedrock,moonshotai.kimi-k2.5,evt-20260715_165556,3da2f5d5-808b-4f99-9ecb-6d3272e918c3,tp,86,26,26,low,0,1.42,kimi-k2.5,kimi-k2.5,v1,text,1,1,85,1,85,Lixo domiciliar,"Veiculo SUV preto entra na area em 16:56:04, para proximo a pilha de residuos com pessoas em seu entorno. Ocupantes desembarcam e permanecem estacionarios proximo ao veiculo e a pilha de lixo, indicando comportamento de descarte. Veiculo permanece parado na area por periodo prolongado com pessoas in",16845,738,0,0.012321,15880,
kimi-k2.5:casc_v1_low,bedrock,moonshotai.kimi-k2.5,evt-20260715_120735,5785e3d6-f2ef-4ae5-ad0b-e3a6a8214c74,fp,31,25,25,low,0,1.47,kimi-k2.5,kimi-k2.5,v1,text,1,1,85,1,85,Entulho,"Pessoa de camisa amarela desce do veículo verde, caminha em direção à área de entulho no fundo da cena, permanece estacionária próximo à pilha de resíduos por múltiplos frames (12:07:32 a 12:07:43), e retorna ao veículo. O padrão de deslocamento (ida, permanência estacionária no local de descarte, r",16494,663,0,0.011885,39374,
kimi-k2.5:casc_v1_low,bedrock,moonshotai.kimi-k2.5,evt-20260715_181023,21c0edc7-5cc2-4d43-874f-45bae153a088,tp,81,32,32,low,0,1.71,kimi-k2.5,kimi-k2.5,v1,text,1,1,95,1,95,Entulho,"Veículo SUV preto com carreta azul estacionado próximo à pilha de lixo. Dois indivíduos permanecem estacionários entre o veículo e a pilha de resíduos por aproximadamente 2 minutos, realizando manuseio e descarte de materiais da carreta para o chão. A carreta é esvaziada progressivamente, com objeto",18789,740,0,0.013493,14451,
kimi-k2.5:casc_v1_low,bedrock,moonshotai.kimi-k2.5,evt-20260715_165230,3da2f5d5-808b-4f99-9ecb-6d3272e918c3,tp,85,26,26,low,0,1.44,kimi-k2.5,kimi-k2.5,v1,text,1,1,85,1,85,Entulho,"Veiculo preto (caminhonete) permanece estacionado em posicao fixa proxima a area de residuos entre 16:52:45 e 16:54:27. Pessoas circulam entre o veiculo e a pilha de entulho, com comportamento de descarregamento. Individuo de camisa azul claro e outro de camisa escura realizam multiplas viagens entr",16845,738,0,0.012321,41699,
kimi-k2.5:casc_v1_low,bedrock,moonshotai.kimi-k2.5,evt-20260722_000031,evt-20260722_000031,baseline,9,9,5,low,0,0.33,kimi-k2.5,kimi-k2.5,v1,text,1,0,0,0,,,No vehicles or people visible in any frame. Scene shows static waste piles with no movement or activity. A small animal (cat) appears in frame 2 but does not constitute human activity or dumping.,7023,244,0,0.004946,5822,
kimi-k2.5:casc_v1_low,bedrock,moonshotai.kimi-k2.5,evt-20260715_181251,21c0edc7-5cc2-4d43-874f-45bae153a088,tp,81,32,32,low,0,1.73,kimi-k2.5,kimi-k2.5,v1,text,1,1,95,1,95,Entulho,"Sequencia mostra carreta azul estacionada em local de entulho pre-existente. Pessoa de roupa clara permanece estacionaria proximo a carreta por multiplos frames (18:12:41 a 18:14:51), manuseando e descartando materiais no chao. Outras pessoas transitam e auxiliam no descarte. Veiculo SUV preto perma",18789,754,0,0.013535,24460,
kimi-k2.5:casc_v1_low,bedrock,moonshotai.kimi-k2.5,evt-20260722_005727,evt-20260722_005727,baseline,32,32,5,low,0,0.91,kimi-k2.5,kimi-k2.5,v1,text,1,0,0,0,,,"No vehicles or people visible in any frame. Scene shows static waste piles with no changes. Light streaks vary due to camera exposure/artifacts, not actual activity.",7023,215,0,0.004859,4262,
kimi-k2.5:casc_v1_low,bedrock,moonshotai.kimi-k2.5,evt-20260722_011328,evt-20260722_011328,baseline,6,6,5,low,0,0.24,kimi-k2.5,kimi-k2.5,v1,text,1,0,0,0,,,Two people walking across the scene from left to right between frames 4 and 5. No vehicle present. Pre-existing waste piles remain unchanged throughout all frames.,7023,222,0,0.00488,4810,
kimi-k2.5:casc_v1_low,bedrock,moonshotai.kimi-k2.5,evt-20260722_023152,evt-20260722_023152,baseline,7,7,5,low,0,0.28,kimi-k2.5,kimi-k2.5,v1,text,1,0,0,0,,,"All five frames show identical static scene with pre-existing waste piles. No vehicles, people, or movement detected. The red box in first frame appears to be a UI element (battery indicator), not a physical object in the scene.",7023,233,0,0.004913,3997,
kimi-k2.5:casc_v1_low,bedrock,moonshotai.kimi-k2.5,evt-20260722_013921,evt-20260722_013921,baseline,17,17,5,low,0,0.69,kimi-k2.5,kimi-k2.5,v1,text,1,0,0,0,,,"No vehicles or people visible in any frame. The red battery icon in frames 1 and 4 is a UI overlay, not a physical object in the scene. Pre-existing debris piles remain unchanged throughout the sequence.",7023,251,0,0.004967,5344,
kimi-k2.5:casc_v1_low,bedrock,moonshotai.kimi-k2.5,evt-20260722_040321,evt-20260722_040321,baseline,6,6,5,low,0,0.25,kimi-k2.5,kimi-k2.5,v1,text,1,0,0,0,,,"Two pedestrians walk through the scene from right to left across frames 3-4, with no vehicle stopped and no material handling observed. Pre-existing debris piles remain unchanged.",7023,247,0,0.004955,3966,
kimi-k2.5:casc_v1_low,bedrock,moonshotai.kimi-k2.5,evt-20260715_181611,21c0edc7-5cc2-4d43-874f-45bae153a088,tp,70,32,32,low,0,1.74,kimi-k2.5,kimi-k2.5,v1,text,1,1,95,1,85,Entulho,Sequencia mostra grupo de pessoas descarregando material de construcao da carreta azul acoplada ao veiculo preto. Individuo de camisa branca permanece estacionario junto a carreta enquanto outros transportam placas de madeira/metal e depositam no chao. Moto passa rapidamente pela cena. Material novo,18789,727,0,0.013454,69720,
ministral-3-14b:casc_v1_low,bedrock,mistral.ministral-3-14b-instruct,evt-20260714_220153,88f4aa05-bb52-4af9-88a1-b7c4ad21630f,fp,27,27,5,low,0,1.43,ministral-3-14b,ministral-3-14b,v1,tool,1,0,98,0,,,"No person actively handling material near a vehicle in any frame. Vehicle is stationary, but no unloading or depositing activity is visible.",7349,249,0,0.00152,8582,
ministral-3-14b:casc_v1_low,bedrock,mistral.ministral-3-14b-instruct,evt-20260715_104302,bae1b1c9-b5e4-403d-b776-c9bf1344ebb5,fp,39,24,5,low,0,1.39,ministral-3-14b,ministral-3-14b,v1,tool,1,0,98,0,,,"No vehicle is actively stopped for dumping, and no person is seen depositing material. The litter pile remains unchanged across frames.",7348,291,0,0.001528,7480,
ministral-3-14b:casc_v1_low,bedrock,mistral.ministral-3-14b-instruct,evt-20260715_085108,2a7571b8-d7ed-4e92-94a6-97cc13f2d3f1,tp,18,18,18,low,0,1.08,ministral-3-14b,ministral-3-14b,v1,text,1,1,98,1,98,Entulho,"Pessoa próxima ao veículo branco estacionado manuseando material próximo à pilha de resíduos, com aumento progressivo de entulho na área. Veículo permanece estacionado em posição fixa por toda a sequência, e pessoa interage diretamente com o material, indicando descarte irregular.",14957,626,0,0.003117,20346,
ministral-3-14b:casc_v1_low,bedrock,mistral.ministral-3-14b-instruct,evt-20260715_073056,1fcd4f3e-dc8f-468a-8284-13dd6871d86f,fp,31,22,22,low,0,1.4,ministral-3-14b,ministral-3-14b,v1,tool,0,1,98,,,,"A white vehicle is stationary near a pile of waste. A person is actively depositing or handling material onto the ground, increasing the pile size between frames.",16479,894,0,0.003475,21066,"detail: schema: ValidationError: 1 validation error for GeminiInfractionReport
baseline_description
  Input should be a valid string [type=string_type, input_value=['Veículo branco estacio...co"
ministral-3-14b:casc_v1_low,bedrock,mistral.ministral-3-14b-instruct,evt-20260715_120735,5785e3d6-f2ef-4ae5-ad0b-e3a6a8214c74,fp,31,25,5,low,0,1.47,ministral-3-14b,ministral-3-14b,v1,text,0,,,,,,,,,,0.0,,gate: sem JSON na resposta (stop=end_turn)
ministral-3-14b:casc_v1_low,bedrock,mistral.ministral-3-14b-instruct,evt-20260715_125447,67dae9c1-1df3-400b-9742-ef02bd812c30,fp,52,25,5,low,0,1.43,ministral-3-14b,ministral-3-14b,v1,text,1,0,98,0,,,"No active dumping behavior observed. A vehicle is parked in the final frame, but no person is handling material. Pre-existing waste piles remain unchanged across frames.",7260,324,0,0.001517,4552,
ministral-3-14b:casc_v1_low,bedrock,mistral.ministral-3-14b-instruct,evt-20260715_123608,9014a36e-7c1b-460a-8f3a-f07514937914,fp,17,17,5,low,0,0.98,ministral-3-14b,ministral-3-14b,v1,text,0,,,,,,,,,,0.0,,gate: sem JSON na resposta (stop=end_turn)
ministral-3-14b:casc_v1_low,bedrock,mistral.ministral-3-14b-instruct,evt-20260715_165230,3da2f5d5-808b-4f99-9ecb-6d3272e918c3,tp,85,26,5,low,0,1.44,ministral-3-14b,ministral-3-14b,v1,text,0,,,,,,,,,,0.0,,gate: sem JSON na resposta (stop=end_turn)
ministral-3-14b:casc_v1_low,bedrock,mistral.ministral-3-14b-instruct,evt-20260715_181023,21c0edc7-5cc2-4d43-874f-45bae153a088,tp,81,32,5,low,0,1.71,ministral-3-14b,ministral-3-14b,v1,text,0,,,,,,,,,,0.0,,gate: sem JSON na resposta (stop=end_turn)
ministral-3-14b:casc_v1_low,bedrock,mistral.ministral-3-14b-instruct,evt-20260715_165556,3da2f5d5-808b-4f99-9ecb-6d3272e918c3,tp,86,26,5,low,0,1.42,ministral-3-14b,ministral-3-14b,v1,text,0,,,,,,,,,,0.0,,gate: sem JSON na resposta (stop=end_turn)
ministral-3-14b:casc_v1_low,bedrock,mistral.ministral-3-14b-instruct,evt-20260715_181251,21c0edc7-5cc2-4d43-874f-45bae153a088,tp,81,32,5,low,0,1.73,ministral-3-14b,ministral-3-14b,v1,text,0,,,,,,,,,,0.0,,gate: sem JSON na resposta (stop=end_turn)
ministral-3-14b:casc_v1_low,bedrock,mistral.ministral-3-14b-instruct,evt-20260722_000031,evt-20260722_000031,baseline,9,9,5,low,0,0.33,ministral-3-14b,ministral-3-14b,v1,text,1,0,98,0,,,"No vehicles are visible in any frame. A person is consistently present near a pre-existing waste pile, handling material but not depositing new litter on the ground.",7260,290,0,0.00151,5156,
ministral-3-14b:casc_v1_low,bedrock,mistral.ministral-3-14b-instruct,evt-20260715_181611,21c0edc7-5cc2-4d43-874f-45bae153a088,tp,70,32,5,low,0,1.74,ministral-3-14b,ministral-3-14b,v1,text,0,,,,,,,,,,0.0,,gate: sem JSON na resposta (stop=end_turn)
ministral-3-14b:casc_v1_low,bedrock,mistral.ministral-3-14b-instruct,evt-20260722_005727,evt-20260722_005727,baseline,32,32,5,low,0,0.91,ministral-3-14b,ministral-3-14b,v1,text,1,0,98,0,,,"No vehicles or active human intervention observed across frames. Pre-existing waste piles remain unchanged, and no new material deposition is detected. Lighting variations and shadows are consistent with static conditions.",7260,282,0,0.001508,4447,
ministral-3-14b:casc_v1_low,bedrock,mistral.ministral-3-14b-instruct,evt-20260722_013921,evt-20260722_013921,baseline,17,17,5,low,0,0.69,ministral-3-14b,ministral-3-14b,v1,text,1,0,98,0,,,"No vehicles or people visible in any frame. Pre-existing waste piles remain unchanged between frames, with no new material deposited on the ground.",7260,296,0,0.001511,5084,
ministral-3-14b:casc_v1_low,bedrock,mistral.ministral-3-14b-instruct,evt-20260722_011328,evt-20260722_011328,baseline,6,6,5,low,0,0.24,ministral-3-14b,ministral-3-14b,v1,text,0,,,,,,,,,,0.0,,gate: sem JSON na resposta (stop=end_turn)
ministral-3-14b:casc_v1_low,bedrock,mistral.ministral-3-14b-instruct,evt-20260722_023152,evt-20260722_023152,baseline,7,7,5,low,0,0.28,ministral-3-14b,ministral-3-14b,v1,text,1,0,98,0,,,"No vehicles or people visible in any frame. Pre-existing waste piles remain unchanged between first and last frame, indicating no active dumping or material handling.",7260,299,0,0.001512,5130,
ministral-3-14b:casc_v1_low,bedrock,mistral.ministral-3-14b-instruct,evt-20260722_040321,evt-20260722_040321,baseline,6,6,5,low,0,0.25,ministral-3-14b,ministral-3-14b,v1,text,0,,,,,,,,,,0.0,,gate: sem JSON na resposta (stop=end_turn)
palmyra-vision-7b:single_g3_mosaic,bedrock,writer.palmyra-vision-7b,evt-20260714_220153,88f4aa05-bb52-4af9-88a1-b7c4ad21630f,fp,27,27,3,mosaic,0,1.28,palmyra-vision-7b,palmyra-vision-7b,g3,,0,,,,,,,0,0,0,0.0,6809,"detail: ValidationException: An error occurred (ValidationException) when calling the Converse operation: The model returned the following errors: {""error"":{""code"":""validation_error"",""message"":""ErrorEvent { error: APIError { type"
palmyra-vision-7b:single_g3_mosaic,bedrock,writer.palmyra-vision-7b,evt-20260715_073056,1fcd4f3e-dc8f-468a-8284-13dd6871d86f,fp,31,22,2,mosaic,0,1.01,palmyra-vision-7b,palmyra-vision-7b,g3,,0,,,,,,,0,0,0,0.0,7461,"detail: ValidationException: An error occurred (ValidationException) when calling the Converse operation: The model returned the following errors: {""error"":{""code"":""validation_error"",""message"":""ErrorEvent { error: APIError { type"
palmyra-vision-7b:single_g3_mosaic,bedrock,writer.palmyra-vision-7b,evt-20260715_085108,2a7571b8-d7ed-4e92-94a6-97cc13f2d3f1,tp,18,18,2,mosaic,0,0.96,palmyra-vision-7b,palmyra-vision-7b,g3,,0,,,,,,,0,0,0,0.0,1305,"detail: ValidationException: An error occurred (ValidationException) when calling the Converse operation: The model returned the following errors: {""error"":{""code"":""validation_error"",""message"":""ErrorEvent { error: APIError { type"
palmyra-vision-7b:single_g3_mosaic,bedrock,writer.palmyra-vision-7b,evt-20260715_104302,bae1b1c9-b5e4-403d-b776-c9bf1344ebb5,fp,39,24,2,mosaic,0,0.93,palmyra-vision-7b,palmyra-vision-7b,g3,,0,,,,,,,0,0,0,0.0,1116,"detail: ValidationException: An error occurred (ValidationException) when calling the Converse operation: The model returned the following errors: {""error"":{""code"":""validation_error"",""message"":""ErrorEvent { error: APIError { type"
palmyra-vision-7b:single_g3_mosaic,bedrock,writer.palmyra-vision-7b,evt-20260715_120735,5785e3d6-f2ef-4ae5-ad0b-e3a6a8214c74,fp,31,25,3,mosaic,0,1.41,palmyra-vision-7b,palmyra-vision-7b,g3,,0,,,,,,,0,0,0,0.0,1621,"detail: ValidationException: An error occurred (ValidationException) when calling the Converse operation: The model returned the following errors: {""error"":{""code"":""validation_error"",""message"":""ErrorEvent { error: APIError { type"
palmyra-vision-7b:single_g3_mosaic,bedrock,writer.palmyra-vision-7b,evt-20260715_123608,9014a36e-7c1b-460a-8f3a-f07514937914,fp,17,17,2,mosaic,0,0.93,palmyra-vision-7b,palmyra-vision-7b,g3,,0,,,,,,,0,0,0,0.0,1446,"detail: ValidationException: An error occurred (ValidationException) when calling the Converse operation: The model returned the following errors: {""error"":{""code"":""validation_error"",""message"":""ErrorEvent { error: APIError { type"
palmyra-vision-7b:single_g3_mosaic,bedrock,writer.palmyra-vision-7b,evt-20260715_125447,67dae9c1-1df3-400b-9742-ef02bd812c30,fp,52,25,3,mosaic,0,1.37,palmyra-vision-7b,palmyra-vision-7b,g3,,0,,,,,,,0,0,0,0.0,1667,"detail: ValidationException: An error occurred (ValidationException) when calling the Converse operation: The model returned the following errors: {""error"":{""code"":""validation_error"",""message"":""ErrorEvent { error: APIError { type"
palmyra-vision-7b:single_g3_mosaic,bedrock,writer.palmyra-vision-7b,evt-20260715_165230,3da2f5d5-808b-4f99-9ecb-6d3272e918c3,tp,85,26,3,mosaic,0,1.35,palmyra-vision-7b,palmyra-vision-7b,g3,,0,,,,,,,0,0,0,0.0,1912,"detail: ValidationException: An error occurred (ValidationException) when calling the Converse operation: The model returned the following errors: {""error"":{""code"":""validation_error"",""message"":""ErrorEvent { error: APIError { type"
palmyra-vision-7b:single_g3_mosaic,bedrock,writer.palmyra-vision-7b,evt-20260715_165556,3da2f5d5-808b-4f99-9ecb-6d3272e918c3,tp,86,26,3,mosaic,0,1.33,palmyra-vision-7b,palmyra-vision-7b,g3,,0,,,,,,,0,0,0,0.0,1481,"detail: ValidationException: An error occurred (ValidationException) when calling the Converse operation: The model returned the following errors: {""error"":{""code"":""validation_error"",""message"":""ErrorEvent { error: APIError { type"
palmyra-vision-7b:single_g3_mosaic,bedrock,writer.palmyra-vision-7b,evt-20260715_181023,21c0edc7-5cc2-4d43-874f-45bae153a088,tp,81,32,3,mosaic,0,1.32,palmyra-vision-7b,palmyra-vision-7b,g3,,0,,,,,,,0,0,0,0.0,1908,"detail: ValidationException: An error occurred (ValidationException) when calling the Converse operation: The model returned the following errors: {""error"":{""code"":""validation_error"",""message"":""ErrorEvent { error: APIError { type"
palmyra-vision-7b:single_g3_mosaic,bedrock,writer.palmyra-vision-7b,evt-20260715_181251,21c0edc7-5cc2-4d43-874f-45bae153a088,tp,81,32,3,mosaic,0,1.33,palmyra-vision-7b,palmyra-vision-7b,g3,,0,,,,,,,0,0,0,0.0,1729,"detail: ValidationException: An error occurred (ValidationException) when calling the Converse operation: The model returned the following errors: {""error"":{""code"":""validation_error"",""message"":""ErrorEvent { error: APIError { type"
palmyra-vision-7b:single_g3_mosaic,bedrock,writer.palmyra-vision-7b,evt-20260722_000031,evt-20260722_000031,baseline,9,9,1,mosaic,0,0.31,palmyra-vision-7b,palmyra-vision-7b,g3,,0,,,,,,,0,0,0,0.0,843,"detail: ValidationException: An error occurred (ValidationException) when calling the Converse operation: The model returned the following errors: {""error"":{""code"":""validation_error"",""message"":""ErrorEvent { error: APIError { type"
palmyra-vision-7b:single_g3_mosaic,bedrock,writer.palmyra-vision-7b,evt-20260722_005727,evt-20260722_005727,baseline,32,32,3,mosaic,0,0.77,palmyra-vision-7b,palmyra-vision-7b,g3,,0,,,,,,,0,0,0,0.0,1298,"detail: ValidationException: An error occurred (ValidationException) when calling the Converse operation: The model returned the following errors: {""error"":{""code"":""validation_error"",""message"":""ErrorEvent { error: APIError { type"
palmyra-vision-7b:single_g3_mosaic,bedrock,writer.palmyra-vision-7b,evt-20260722_011328,evt-20260722_011328,baseline,6,6,1,mosaic,0,0.33,palmyra-vision-7b,palmyra-vision-7b,g3,,0,,,,,,,0,0,0,0.0,710,"detail: ValidationException: An error occurred (ValidationException) when calling the Converse operation: The model returned the following errors: {""error"":{""code"":""validation_error"",""message"":""ErrorEvent { error: APIError { type"
palmyra-vision-7b:single_g3_mosaic,bedrock,writer.palmyra-vision-7b,evt-20260722_013921,evt-20260722_013921,baseline,17,17,2,mosaic,0,0.68,palmyra-vision-7b,palmyra-vision-7b,g3,,0,,,,,,,0,0,0,0.0,1008,"detail: ValidationException: An error occurred (ValidationException) when calling the Converse operation: The model returned the following errors: {""error"":{""code"":""validation_error"",""message"":""ErrorEvent { error: APIError { type"
palmyra-vision-7b:single_g3_mosaic,bedrock,writer.palmyra-vision-7b,evt-20260715_181611,21c0edc7-5cc2-4d43-874f-45bae153a088,tp,70,32,3,mosaic,0,1.34,palmyra-vision-7b,palmyra-vision-7b,g3,,0,,,,,,,0,0,0,0.0,7446,"detail: ValidationException: An error occurred (ValidationException) when calling the Converse operation: The model returned the following errors: {""error"":{""code"":""validation_error"",""message"":""ErrorEvent { error: APIError { type"
palmyra-vision-7b:single_g3_mosaic,bedrock,writer.palmyra-vision-7b,evt-20260722_040321,evt-20260722_040321,baseline,6,6,1,mosaic,0,0.34,palmyra-vision-7b,palmyra-vision-7b,g3,,0,,,,,,,0,0,0,0.0,678,"detail: ValidationException: An error occurred (ValidationException) when calling the Converse operation: The model returned the following errors: {""error"":{""code"":""validation_error"",""message"":""ErrorEvent { error: APIError { type"
palmyra-vision-7b:single_g3_mosaic,bedrock,writer.palmyra-vision-7b,evt-20260722_023152,evt-20260722_023152,baseline,7,7,1,mosaic,0,0.34,palmyra-vision-7b,palmyra-vision-7b,g3,,0,,,,,,,0,0,0,0.0,4307,"detail: ValidationException: An error occurred (ValidationException) when calling the Converse operation: The model returned the following errors: {""error"":{""code"":""validation_error"",""message"":""ErrorEvent { error: APIError { type"
