phase,quadrant,event_ref,ts,operator_status,operator_comment,prod_detection_id,gate_conf,gate_scene,detail_conf,shadow_evidence
current,PROD-ONLY,evt-20260728_110749,2026-07-28T11:16:01.554808-03:00,REJEITADO,Sem descartes.,e67751f1-b911-4d93-9d17-9a0f3ba33ce9,95,TRAFFIC,,A construction vehicle is observed moving in and out of the frame. No dumping activity or new waste deposition is detected.
current,PROD-ONLY,evt-20260728_111856,2026-07-28T11:25:00.441218-03:00,REJEITADO,Sem descartes.,e67751f1-b911-4d93-9d17-9a0f3ba33ce9,95,TRAFFIC,,"Individuals with a cart were observed in the middle frames, but they moved through the scene without depositing any material. The ground condition remains unchanged between the first and last frames."
current,SHADOW-ONLY,evt-20260728_120317,2026-07-28T12:11:13.863800-03:00,(sem detecção de prod),,,100,DUMPING,100,"Two individuals are observed removing construction waste (roofing tiles) from the roof rack of a red vehicle parked on a public road and carrying the material away, indicating illegal disposal."
current,PROD-ONLY,evt-20260728_121739,2026-07-28T12:23:30.278885-03:00,REJEITADO,Descarte efetuado no container de lixo.,c7fd5e36-0394-46a1-8b05-a77ac5c8c23e,95,PARKED,,"The vehicle and trailer remain stationary throughout the sequence. Individuals are observed organizing or loading/unloading bags within the trailer, but no material is being deposited on the ground."
current,PROD-ONLY,evt-20260729_010318,2026-07-29T01:05:14.178248-03:00,REJEITADO,Sem descartes.,d975d2f2-8a42-43f2-b83e-00b4c467c4f7,95,TRAFFIC,,"A person is observed walking through the scene carrying a bag, but they do not stop or deposit any material. The ground remains unchanged between the first and last frames."
current,PROD-ONLY,evt-20260729_073530,2026-07-29T07:40:18.804299-03:00,REJEITADO,Sem descartes.,8bd9cb29-d422-4ca4-9cd8-ca9771543268,90,TRAFFIC,,"A vehicle stops briefly and a person is present, but they depart without depositing any material. The ground remains unchanged between the first and last frames."
current,SHADOW-ONLY,evt-20260729_103808,2026-07-29T10:43:01.085109-03:00,(sem detecção de prod),,,95,DUMPING,100,Um individuo e observado manipulando uma pilha de residuos (poda) e depositando um objeto grande e plano (possivelmente parte de movel ou entulho) sobre a pilha existente.
current,PROD-ONLY,evt-20260729_112024,2026-07-29T11:24:33.740621-03:00,INDETERMINADO,"Notamos aumento da volumetria, porém, não flagramos o momento do descarte.",2e2219e8-27ff-4085-ad3c-6981dc3eca52,95,PARKED,,"The scene contains a pre-existing waste pile. A vehicle is parked in the distance and a person is walking, but no dumping activity occurs."
current,PROD-ONLY,evt-20260729_141546,2026-07-29T14:21:53.729168-03:00,INDETERMINADO,Não é possível ter a certeza se o descarte foi realizado no container ou fora.,f13a8b73-e9bd-4327-b3ff-eef099648f64,95,TRAFFIC,,"The scene shows pedestrian traffic passing through an area with pre-existing waste. No vehicles are present, and no new material is being dumped."
current,PROD-ONLY,evt-20260729_145436,2026-07-29T15:01:53.949111-03:00,CONFIRMADO,Descarte confirmado.,7ec655a8-36af-468b-9d51-c39b00f45099,95,PARKED,,"A red truck remains parked throughout the observation window. While a person with a wheelbarrow and a white van traverse the area, no dumping activity occurs, and the existing waste pile remains unchanged."
current,PROD-ONLY,evt-20260729_201630,2026-07-29T20:21:22.882947-03:00,INDETERMINADO,"Não fora possível confirmar se de fato a pessoa do carro de mão, no canto superior da tela, descartou.",adc883d3-2195-4552-953f-fe867cef9b26,95,PARKED,,"A vehicle remains parked throughout the observation window. A pedestrian walks through the scene, but no material handling or dumping activity is observed. Pre-existing waste remains unchanged."
current,PROD-ONLY,evt-20260729_213616,2026-07-29T21:43:45.570799-03:00,REJEITADO,"Limpeza urbana presente no local, recolhendo o resíduos do container.",081bc430-60db-407a-9576-93a3bccb6d66,95,TRAFFIC,,"The sequence shows a waste collection vehicle placing a large dumpster in the area. This is a standard waste management operation, not illegal dumping."
current,SHADOW-ONLY,evt-20260730_021556,2026-07-30T02:18:15.684193-03:00,(sem detecção de prod),,,90,DUMPING,95,"Veículo tipo caminhonete estaciona próximo a uma pilha de resíduos existente e permanece parado por um longo período, com pessoas realizando manuseio de carga, caracterizando descarte irregular."
current,SHADOW-ONLY,evt-20260730_081040,2026-07-30T08:16:01.530906-03:00,(sem detecção de prod),,,95,DUMPING,100,"Uma mulher chega com um carrinho de mao contendo sacos de lixo, despeja o conteudo na pilha de residuos existente e se retira do local."
current,PROD-ONLY,evt-20260730_142916,2026-07-30T14:36:34.939641-03:00,REJEITADO,Sem flagrante de descarte.,18a899d8-63ca-4a49-88bd-fe8d58ae0d72,90,PARKED,,"A white pickup truck remains stationary in the same position throughout the observation window. While people are present, no active dumping or unloading of new material is observed, and the existing waste pile remains unchanged."
current,PROD-ONLY,evt-20260730_151240,2026-07-30T15:16:38.987421-03:00,PENDENTE,,b40e8dce-14fa-423e-9f5b-68e5a47843ef,95,TRAFFIC,,"A person is observed manually moving waste with a wheelbarrow. No vehicle is present, and no new dumping event is detected."
current,SHADOW-ONLY,evt-20260730_173815,2026-07-30T17:40:48.676488-03:00,(sem detecção de prod),,,90,DUMPING,90,"Um indivíduo aproxima-se da pilha de resíduos existente e deposita/manuseia materiais, caracterizando descarte irregular."
current,PROD-ONLY,evt-20260730_202705,2026-07-30T20:33:49.788295-03:00,PENDENTE,,db50bba5-d26d-405d-8adf-f866d906b77e,0,TRAFFIC,,"A person is observed interacting with a pre-existing waste pile, but no vehicle is present, so it does not meet the criteria for dumping."
g3,SHADOW-ONLY,evt-20260722_184728,2026-07-22T18:49:14.256738-03:00,(sem detecção de prod),,,95,DUMPING,95,"Um indivíduo a pé aproxima-se da pilha de lixo existente carregando um volume. No frame final, o indivíduo afasta-se e o volume foi depositado junto à pilha, aumentando o volume de resíduos no local."
g3,SHADOW-ONLY,evt-20260722_191328,2026-07-22T19:18:39.585529-03:00,(sem detecção de prod),,,95,DUMPING,90,"A pedestrian is observed walking towards the existing waste pile carrying a white bag. The individual approaches the pile, and in the subsequent frame, is seen walking away without the bag. This indicates a disposal action."
g3,SHADOW-ONLY,evt-20260722_191724,2026-07-22T19:24:26.870033-03:00,(sem detecção de prod),,,85,DUMPING,85,"A black hatchback vehicle stops near the existing waste pile. A cyclist approaches the vehicle and the pile area, interacting with the site. Given the chronic nature of the location and the interaction with the pile, this is classified as an illegal disposal event."
g3,SHADOW-ONLY,evt-20260722_194202,2026-07-22T19:47:13.892958-03:00,(sem detecção de prod),,,100,DUMPING,100,"A person is observed walking towards the existing waste pile carrying a large black bag. In the subsequent frames, the person is no longer visible, and a new black bag is clearly present on top of the pile, indicating a disposal event."
g3,PROD-ONLY,evt-20260722_203308,2026-07-22T20:36:18.857552-03:00,REJEITADO,Presença do caminhão da limpeza urbana.,c70f7082-b418-4a71-8ce6-7fd94e9378d4,90,PARKED,,"A truck remains stationary at the site throughout the observation window. While a person is observed walking near the vehicle, no material is deposited or removed, and the pre-existing waste pile remains unchanged."
g3,SHADOW-ONLY,evt-20260722_210742,2026-07-22T21:12:36.479889-03:00,(sem detecção de prod),,,95,DUMPING,85,"Um pedestre aproxima-se da pilha de lixo existente, para junto dela e realiza um movimento compatível com descarte de resíduos antes de se retirar. O comportamento de parar e interagir com o ponto crônico de descarte configura a infração conforme as diretrizes de recall."
g3,SHADOW-ONLY,evt-20260722_233956,2026-07-22T23:44:20.623744-03:00,(sem detecção de prod),,,95,DUMPING,95,"Um pedestre portando um saco preto aproxima-se da pilha de resíduos existente. O indivíduo para junto à pilha, curva-se para interagir com o local e retira-se do quadro sem o saco, caracterizando o descarte irregular de resíduo domiciliar."
g3,SHADOW-ONLY,evt-20260722_235118,2026-07-22T23:56:59.572479-03:00,(sem detecção de prod),,,95,DUMPING,95,"A motorcycle approaches the existing waste pile, stops, and the rider interacts with the pile/ground, depositing material. The pile is clearly disturbed/added to."
g3,SHADOW-ONLY,evt-20260723_000248,2026-07-23T00:05:20.110970-03:00,(sem detecção de prod),,,90,DUMPING,100,"Um indivíduo a pé aproxima-se da pilha de lixo existente carregando um saco plástico branco. O indivíduo para junto à pilha, deposita o saco e retira-se sem o objeto. A ação confirma o descarte irregular de resíduo domiciliar."
g3,SHADOW-ONLY,evt-20260723_000538,2026-07-23T00:09:46.344906-03:00,(sem detecção de prod),,,90,DUMPING,100,"A pedestrian is observed approaching the existing waste pile carrying a white bag. The individual bends down at the pile, deposits the bag, and walks away. The pile is visibly augmented by the new item."
g3,SHADOW-ONLY,evt-20260723_001420,2026-07-23T00:18:00.863006-03:00,(sem detecção de prod),,,95,DUMPING,95,"Um indivíduo a pé aproxima-se da pilha de lixo existente, agacha-se e manipula resíduos, depositando ou organizando materiais na pilha. A ação ocorre consistentemente entre os frames 2026-07-23_00-14-52-935083-003.jpg e 2026-07-23_00-15-32-931966-004.jpg, confirmando o descarte irregular."
g3,SHADOW-ONLY,evt-20260723_003502,2026-07-23T00:38:39.405852-03:00,(sem detecção de prod),,,95,DUMPING,100,"A pedestrian carrying a white bag enters the frame, approaches the existing waste pile, bends down to place the bag onto the pile, and then walks away. The addition of the bag to the pile is clearly visible."
g3,SHADOW-ONLY,evt-20260723_055706,2026-07-23T06:00:37.246866-03:00,(sem detecção de prod),,,90,DUMPING,95,"An individual is observed walking into the scene carrying a white plastic bag. The individual approaches the existing waste pile area. In subsequent frames, the individual is seen walking away without the bag, which is now deposited on the ground near the existing waste pile."
g3,PROD-ONLY,evt-20260723_061455,2026-07-23T06:17:12.413868-03:00,CONFIRMADO,Descarte de resíduo sólido.,86b1b859-6c38-498d-af49-5ab0c892c852,95,PARKED,,A person on a bicycle stopped near the existing waste pile. The person remained in possession of the cardboard box they were carrying throughout the sequence and did not deposit any material. The pile appears unchanged.
g3,PROD-ONLY,evt-20260723_062233,2026-07-23T06:28:02.279728-03:00,CONFIRMADO,Descarte de resíduo.,4097a098-b5b9-4e28-87e9-7007231ea2d6,0,DUMPING,,"A pedestrian is observed standing stationary within the existing waste pile area. Per the ambiguity rule, this interaction at a known dumping hotspot is classified as dumping behavior."
g3,SHADOW-ONLY,evt-20260723_071113,2026-07-23T07:16:36.018244-03:00,(sem detecção de prod),,,95,DUMPING,85,"Um indivíduo de camisa amarela permanece no local da pilha de lixo crônica por um período prolongado, manuseando os resíduos. A interação contínua com a pilha em um ponto de descarte irregular, sem evidência de coleta autorizada, configura a infração conforme as diretrizes de recall."
g3,SHADOW-ONLY,evt-20260723_072435,2026-07-23T07:28:49.120708-03:00,(sem detecção de prod),,,85,DUMPING,95,"A person pushing a cart approaches the existing waste pile, stops directly at the pile, interacts with it to deposit material from the cart, and then moves away. This confirms an illegal disposal event."
g3,SHADOW-ONLY,evt-20260723_075139,2026-07-23T07:53:28.865762-03:00,(sem detecção de prod),,,85,DUMPING,95,"A red car stops near the existing waste pile. An individual exits the vehicle, approaches the pile, interacts with it (depositing material), and returns to the vehicle. This constitutes an illegal disposal event."
g3,SHADOW-ONLY,evt-20260723_081320,2026-07-23T08:15:38.319942-03:00,(sem detecção de prod),,,90,DUMPING,90,"Um indivíduo vestindo camisa amarela aproxima-se da pilha de resíduos existente, para junto dela e interage diretamente com o material, curvando-se sobre a pilha. Seguindo a regra de ambiguidade para pontos crônicos de descarte, a interação próxima com a pilha sem evidência de remoção é classificada"
g3,SHADOW-ONLY,evt-20260723_095920,2026-07-23T10:03:16.645162-03:00,(sem detecção de prod),,,100,DUMPING,100,Um indivíduo a pé aproxima-se da pilha de lixo existente carregando um saco branco e uma peça de papelão. Ele deposita os itens sobre a pilha e retira-se. A comparação entre o primeiro e o último frame confirma o acréscimo de resíduos.
g3,SHADOW-ONLY,evt-20260723_100706,2026-07-23T10:12:58.833630-03:00,(sem detecção de prod),,,95,DUMPING,95,"A man is observed multiple times carrying a white plastic bag and placing it onto the existing waste pile. The sequence shows him interacting directly with the pile, confirming the disposal of household waste."
g3,SHADOW-ONLY,evt-20260723_114454,2026-07-23T11:49:37.925761-03:00,(sem detecção de prod),,,90,DUMPING,85,"A man is observed standing at the chronic waste disposal site, actively interacting with the existing pile and the green container. He is seen bending over and manipulating waste materials, which constitutes an irregular disposal/interaction event according to the provided rules."
g3,SHADOW-ONLY,evt-20260723_114708,2026-07-23T11:55:06.452081-03:00,(sem detecção de prod),,,95,DUMPING,85,"A white utility pickup truck enters the scene and parks directly adjacent to the chronic waste disposal pile. The vehicle's presence and positioning at this specific location, known for illegal dumping, strongly indicate an act of waste disposal."
g3,SHADOW-ONLY,evt-20260723_114952,2026-07-23T11:55:28.359805-03:00,(sem detecção de prod),,,95,DUMPING,95,"A person is observed standing near and interacting with the existing waste pile, bending down to place items. Shortly after, a vehicle with a trailer arrives and parks at the site, which is consistent with waste disposal activities in this chronic dumping location."
g3,PROD-ONLY,evt-20260723_115618,2026-07-23T12:03:17.387551-03:00,CONFIRMADO,Descarte confirmado.,7482c9ca-82aa-4dde-99c5-33512accfe9a,95,DUMPING,95,"The sequence shows two individuals with a vehicle and trailer parked near a chronic waste pile. They interact with the vehicle (opening/closing trunk) to load items, but do not dispose of waste. Subsequently, municipal workers in yellow uniforms arrive and are observed removing waste from the pile, "
g3,PROD-ONLY,evt-20260723_115904,2026-07-23T12:04:59.218407-03:00,CONFIRMADO,Descarte confirmado.,7482c9ca-82aa-4dde-99c5-33512accfe9a,95,DUMPING,90,The vehicle (black SUV with trailer) is parked near the waste pile. The driver/occupant (person in pink shirt) is observed standing near the vehicle. No material is seen being unloaded or added to the pile. The pile remains static throughout the sequence. No infraction occurred.
g3,SHADOW-ONLY,evt-20260723_121753,2026-07-23T12:23:29.049031-03:00,(sem detecção de prod),,,95,DUMPING,90,"A person wearing a blue shirt approaches the existing waste pile, stops, and bends over to interact with the pile for several seconds. Given the context of a chronic disposal point and the clear interaction with the waste, this is classified as an illegal disposal/addition to the pile."
g3,SHADOW-ONLY,evt-20260723_131445,2026-07-23T13:19:10.779408-03:00,(sem detecção de prod),,,95,DUMPING,85,"A shirtless individual is observed handling debris near a pre-existing waste pile. Subsequently, a white pickup truck arrives and parks directly adjacent to the pile. Given the chronic nature of this disposal site and the active handling of materials by individuals and the vehicle, this is classifie"
g3,SHADOW-ONLY,evt-20260723_133504,2026-07-23T21:24:51.166296-03:00,(sem detecção de prod),,,95,DUMPING,95,"A person with a wheelbarrow is observed actively moving and adding material to a large, pre-existing waste pile throughout the sequence. A black vehicle stops briefly near the pile but does not appear to unload. The person with the wheelbarrow is the primary actor engaged in the disposal activity."
g3,SHADOW-ONLY,evt-20260723_134312,2026-07-23T21:26:17.914116-03:00,(sem detecção de prod),,,95,DUMPING,90,"Two individuals with a cart (carroça) approach the existing waste pile. They stop directly at the pile, interact with it, and then depart. Following the ambiguity rule for chronic disposal sites, this interaction is classified as an irregular disposal event."
g3,SHADOW-ONLY,evt-20260723_135241,2026-07-23T21:26:51.266763-03:00,(sem detecção de prod),,,85,DUMPING,95,A person with a wheelbarrow is observed actively maneuvering and adding material to the existing waste pile throughout the sequence. This action of depositing waste onto the pile confirms the infraction.
g3,SHADOW-ONLY,evt-20260723_140650,2026-07-23T21:27:58.767971-03:00,(sem detecção de prod),,,95,DUMPING,100,"A silver hatchback vehicle arrives and stops near the existing waste pile. A man exits the vehicle carrying a white bag, walks to the pile, deposits the bag, and returns to the vehicle, which then departs. The pile is visibly augmented by the new bag."
g3,SHADOW-ONLY,evt-20260723_140902,2026-07-23T21:28:35.940919-03:00,(sem detecção de prod),,,95,DUMPING,95,"A man is observed walking towards the existing waste pile carrying a white plastic bag. He approaches the pile, places the bag onto it, and then walks away. This constitutes an active disposal of waste."
g3,SHADOW-ONLY,evt-20260723_141302,2026-07-23T21:28:56.873810-03:00,(sem detecção de prod),,,85,DUMPING,85,"A red vehicle stops near the chronic waste pile, followed by a pedestrian who also interacts with the area. Given the context of a chronic disposal point, these actions are classified as irregular disposal."
g3,PROD-ONLY,evt-20260723_153640,2026-07-23T21:37:00.808501-03:00,REJEITADO,Sem flagrante de descarte.,7765fe06-094b-4077-aa75-fe0a818165d6,95,DUMPING,90,A man is observed manipulating a mattress that was already present on the ground. A pedestrian walks through the scene carrying bags but does not deposit them. No new waste is added to the existing pile throughout the sequence.
g3,SHADOW-ONLY,evt-20260723_154102,2026-07-23T21:37:43.985851-03:00,(sem detecção de prod),,,90,DUMPING,95,"A person is observed actively manipulating and adding a large mattress/foam item to an existing, large pile of waste. The individual is seen moving the item onto the pile throughout the sequence. This constitutes an active disposal of bulky waste."
g3,SHADOW-ONLY,evt-20260723_154306,2026-07-23T21:38:06.139530-03:00,(sem detecção de prod),,,95,DUMPING,95,A man is observed repeatedly interacting with a large pile of waste. He is seen manipulating and adding large white sacks to the existing accumulation of debris. His actions are consistent with the disposal and organization of waste materials at this chronic dumping site.
g3,SHADOW-ONLY,evt-20260723_154538,2026-07-23T21:38:28.419187-03:00,(sem detecção de prod),,,90,DUMPING,95,"A large pre-existing pile of waste is present. Two individuals are observed carrying white bags, approaching the pile, and depositing them. Additionally, a person is seen manipulating a mattress/foam piece on the ground. The pile is being actively added to by pedestrians."
g3,SHADOW-ONLY,evt-20260723_155237,2026-07-23T21:39:03.133427-03:00,(sem detecção de prod),,,95,DUMPING,100,"An individual with a wheelbarrow is observed making multiple trips to the chronic waste disposal site. He is seen carrying white plastic containers and depositing them onto the existing pile of waste. The action is repeated, confirming irregular disposal."
g3,SHADOW-ONLY,evt-20260723_161008,2026-07-23T21:40:20.688888-03:00,(sem detecção de prod),,,95,DUMPING,100,"A yellow vehicle arrives and stops near the chronic waste pile. A person exits the vehicle, approaches the pile, deposits a bag of waste, and then walks away. The pile clearly receives new material."
g3,SHADOW-ONLY,evt-20260723_162018,2026-07-23T21:41:19.212120-03:00,(sem detecção de prod),,,100,DUMPING,85,"A man is observed at a chronic waste disposal site, actively sorting and handling materials within the pile throughout the sequence. He is seen bending over and manipulating bags and debris. Per the ambiguity rule for this site, handling material at the pile is classified as an infraction."
g3,SHADOW-ONLY,evt-20260723_162222,2026-07-23T21:41:41.955710-03:00,(sem detecção de prod),,,85,DUMPING,95,"Um homem sem camisa é visto interagindo continuamente com a pilha de lixo existente. Ele é observado pegando objetos e colocando-os sobre a pilha, contribuindo para a manutenção e organização do descarte irregular. A ação de manusear e depositar resíduos na pilha configura a infração."
g3,SHADOW-ONLY,evt-20260723_162458,2026-07-23T21:42:07.728198-03:00,(sem detecção de prod),,,90,DUMPING,95,"A man is observed in the initial frames (e.g., 2026-07-23_16-25-12-117198-000.jpg) carrying bags of household waste and placing them directly onto the existing pile. He interacts with the pile, adding material, which confirms the disposal infraction."
g3,SHADOW-ONLY,evt-20260723_162702,2026-07-23T21:42:33.277954-03:00,(sem detecção de prod),,,90,DUMPING,95,"A man is observed walking towards the existing waste pile carrying a box/package. He places the item onto the pile and then walks away, clearly adding to the existing waste accumulation."
g3,SHADOW-ONLY,evt-20260723_184120,2026-07-23T21:55:22.818502-03:00,(sem detecção de prod),,,85,DUMPING,100,"Um veículo tipo picape branca parou no local de descarte crônico. O condutor desembarcou e realizou o descarte de materiais na pilha existente, caracterizando infração de descarte irregular."
g3,SHADOW-ONLY,evt-20260723_193136,2026-07-23T22:01:45.863515-03:00,(sem detecção de prod),,,85,DUMPING,85,"Um indivíduo é observado agachado e manipulando a pilha de resíduos existente durante toda a sequência. Conforme as diretrizes, a interação direta com a pilha em um ponto crônico de descarte, sem evidência de coleta oficial, é classificada como descarte irregular."
g3,SHADOW-ONLY,evt-20260723_194046,2026-07-23T22:03:25.044121-03:00,(sem detecção de prod),,,95,DUMPING,95,"Um pedestre aproxima-se da pilha de lixo existente, deposita um saco/objeto sobre a pilha e retira-se do local, caracterizando descarte irregular."
g3,SHADOW-ONLY,evt-20260723_194502,2026-07-23T22:04:56.732856-03:00,(sem detecção de prod),,,100,DUMPING,90,"An individual is observed standing at a chronic waste disposal site. Throughout the sequence, the person is seen bending down and actively manipulating items within the existing waste pile. Per the instructions, since the individual is interacting with the pile, this is classified as an infraction."
g3,SHADOW-ONLY,evt-20260723_194718,2026-07-23T22:05:20.023859-03:00,(sem detecção de prod),,,95,DUMPING,95,"A person is observed at the site of a pre-existing waste pile. Throughout the sequence, the individual is seen handling items and placing a white bag/material onto the pile, contributing to the accumulation of waste."
g3,SHADOW-ONLY,evt-20260723_195224,2026-07-23T22:06:17.094159-03:00,(sem detecção de prod),,,85,DUMPING,100,"An individual is observed carrying white bags and depositing them onto an existing waste pile. The pile size increases as a result of this action, confirming irregular waste disposal."
g3,SHADOW-ONLY,evt-20260724_020624,2026-07-24T02:09:53.509019-03:00,(sem detecção de prod),,,85,DUMPING,95,"Baseline: Pilha de lixo pré-existente. Atores: Um indivíduo a pé aproxima-se da pilha, para e deposita material. Delta: A pilha apresenta acréscimo de resíduos após a interação do indivíduo."
g3,SHADOW-ONLY,evt-20260724_061732,2026-07-24T06:23:13.897947-03:00,(sem detecção de prod),,,100,DUMPING,95,"A man in a white shirt is observed placing a wooden board onto the existing waste pile. Later in the sequence, a woman carrying a plastic bag approaches the pile and leaves the bag there. Both actions confirm the addition of waste to the irregular disposal site."
g3,SHADOW-ONLY,evt-20260724_072324,2026-07-24T07:28:32.206726-03:00,(sem detecção de prod),,,95,DUMPING,85,"An individual with a bicycle and cart arrives at the site and stops directly at the waste pile. The individual interacts with the pile, appearing to deposit or sort material. Although a second individual is later seen scavenging items, the initial interaction by the cart operator is classified as a "
g3,SHADOW-ONLY,evt-20260724_074504,2026-07-24T07:50:02.701697-03:00,(sem detecção de prod),,,95,DUMPING,95,"A person with a handcart approaches the existing waste pile, stops, and performs a disposal action by unloading material from the cart onto the pile. The person then departs with the cart."
g3,SHADOW-ONLY,evt-20260724_080258,2026-07-24T08:06:54.187514-03:00,(sem detecção de prod),,,100,DUMPING,100,"A man arrives with a wheelbarrow containing construction debris. He stops at the existing waste pile, dumps the material onto it, and then walks away with the empty wheelbarrow. This confirms an act of illegal waste disposal."
g3,SHADOW-ONLY,evt-20260724_092524,2026-07-24T09:32:40.155696-03:00,(sem detecção de prod),,,100,DUMPING,100,"A man carrying a long wooden plank approaches the existing waste pile. He stands at the pile for several frames, manipulating the plank, and then places it onto the pile before walking away. This confirms the addition of waste material to the site."
g3,SHADOW-ONLY,evt-20260724_093432,2026-07-24T09:38:37.750422-03:00,(sem detecção de prod),,,95,DUMPING,100,"Two individuals are observed carrying a large, heavy sack together towards the existing waste pile. They stop at the pile, deposit the sack, and then walk away. The pile is visibly larger/has a new item compared to the initial state."
g3,SHADOW-ONLY,evt-20260724_113516,2026-07-24T11:39:05.582033-03:00,(sem detecção de prod),,,90,DUMPING,90,"A person is observed at the site throughout the entire sequence, actively handling and placing bags of waste onto the existing pile. This constitutes an addition of material to the irregular disposal site."
g3,SHADOW-ONLY,evt-20260724_115752,2026-07-24T12:02:55.065191-03:00,(sem detecção de prod),,,95,DUMPING,95,"A chronic waste disposal site is visible with a large pre-existing pile. An individual (shirtless) is observed repeatedly interacting with the pile, placing bags and waste items onto it throughout the sequence. This constitutes active disposal of waste at an unauthorized site."
g3,PROD-ONLY,evt-20260724_123630,2026-07-24T12:40:25.957240-03:00,REJEITADO,NÃO OCORREU DESCARTE,84f1995d-86cd-4a97-8aba-6395224c7146,90,TRAFFIC,,"A large pre-existing waste pile is present. A person is observed interacting with the pile, but they are seen walking away with a bag, suggesting removal or scavenging rather than dumping. Uniformed personnel are present in the scene."
g3,SHADOW-ONLY,evt-20260724_124836,2026-07-24T12:51:37.470317-03:00,(sem detecção de prod),,,95,DUMPING,95,"A person is observed standing at the known waste disposal site. Throughout the sequence, the individual is seen manipulating a large white bag and a cardboard box, adding to and organizing the existing pile of waste. The person's presence and active interaction with the waste materials confirm the d"
g3,PROD-ONLY,evt-20260724_130940,2026-07-24T13:13:08.095459-03:00,CONFIRMADO,UMA SENHORA DESCARTOU UM SACO BRANCO,4de1e3d2-622b-4373-9cc9-62581bfb802b,95,TRAFFIC,,The scene shows marked municipal vehicles and personnel present at the site. They appear to be managing or inspecting the existing waste pile rather than dumping new material. No new litter was added.
g3,SHADOW-ONLY,evt-20260724_132502,2026-07-24T13:30:43.017191-03:00,(sem detecção de prod),,,95,DUMPING,100,"A person wearing a red shirt approaches the existing waste pile carrying a bag. The individual stops at the pile, bends down, and deposits the bag onto the waste pile. This action confirms an illegal disposal event."
g3,SHADOW-ONLY,evt-20260724_132734,2026-07-24T13:31:09.993531-03:00,(sem detecção de prod),,,95,DUMPING,85,"A person in a white tank top is observed repeatedly interacting with the existing waste pile, bending over and manipulating materials. Following the ambiguity rule for chronic disposal sites, this interaction is classified as an infraction."
g3,SHADOW-ONLY,evt-20260724_132950,2026-07-24T13:36:38.024775-03:00,(sem detecção de prod),,,95,DUMPING,90,"Multiple individuals are observed actively handling and manipulating waste bags and debris at a known chronic disposal site. The individuals are seen moving, sorting, and potentially adding material to the existing pile. Given the context of a chronic disposal point, this activity is classified as a"
g3,SHADOW-ONLY,evt-20260724_133154,2026-07-24T13:37:00.733627-03:00,(sem detecção de prod),,,95,DUMPING,100,Two individuals are observed repeatedly bringing large white bags filled with material and depositing them onto the existing waste pile. They are actively sorting and adding to the accumulation throughout the sequence.
g3,SHADOW-ONLY,evt-20260724_134808,2026-07-24T13:54:36.411264-03:00,(sem detecção de prod),,,85,DUMPING,85,"Um veículo SUV prata estaciona próximo à pilha de lixo. Um indivíduo de camisa vermelha desembarca, dirige-se à pilha de resíduos, permanece no local interagindo com a mesma e retorna ao veículo. O comportamento é característico de descarte irregular."
g3,SHADOW-ONLY,evt-20260724_144042,2026-07-24T14:46:21.159378-03:00,(sem detecção de prod),,,100,DUMPING,95,"A cyclist wearing a red shirt arrives at the location carrying a long wooden board. He stops his bicycle directly next to the existing waste pile, maneuvers the board, and leaves it there, contributing to the waste accumulation. This constitutes an illegal disposal event."
g3,SHADOW-ONLY,evt-20260724_145636,2026-07-24T15:01:25.656701-03:00,(sem detecção de prod),,,90,DUMPING,95,"Multiple individuals are observed interacting with the pre-existing waste pile. Specifically, an individual wearing a red shirt is seen repeatedly handling and placing waste items onto the pile throughout the sequence, particularly visible in frames around 14:58:06 to 14:58:30. This activity confirm"
g3,SHADOW-ONLY,evt-20260724_145857,2026-07-24T15:02:00.056279-03:00,(sem detecção de prod),,,95,DUMPING,95,Dois indivíduos são vistos no fundo da cena manuseando sacos de lixo e depositando-os sobre a pilha existente de resíduos. A atividade de descarte é contínua durante a sequência.
g3,SHADOW-ONLY,evt-20260724_150118,2026-07-24T15:07:09.984698-03:00,(sem detecção de prod),,,90,DUMPING,100,"Two individuals are observed actively adding bags of waste to an existing chronic disposal pile. Additionally, a motorcycle with a trailer arrives and interacts with the pile, contributing to the waste accumulation. The pile grows throughout the sequence as multiple bags are deposited."
g3,SHADOW-ONLY,evt-20260724_150626,2026-07-24T15:12:58.114985-03:00,(sem detecção de prod),,,85,DUMPING,85,"A person is observed approaching the pre-existing waste pile. The individual bends down and interacts directly with the pile, which constitutes a disposal action according to the provided guidelines. No other significant interactions are observed."
g3,SHADOW-ONLY,evt-20260724_153838,2026-07-24T15:43:37.990296-03:00,(sem detecção de prod),,,100,DUMPING,100,Multiple individuals are observed interacting with the existing waste pile. One individual in red shorts carries a grey container and places it on the pile. Another individual in a green shirt unfolds and places a large black plastic sheet onto the pile. A third individual is also seen organizing/ad
g3,SHADOW-ONLY,evt-20260724_154056,2026-07-24T15:44:24.913495-03:00,(sem detecção de prod),,,100,DUMPING,100,"A person is observed carrying a large black bag and depositing it onto the existing waste pile. The bag is clearly added to the pile, increasing its volume."
g3,SHADOW-ONLY,evt-20260724_154616,2026-07-24T15:49:46.520866-03:00,(sem detecção de prod),,,95,DUMPING,100,"Multiple individuals are observed adding waste to the existing pile. A person with a wheelbarrow dumps material, and another person arrives carrying a bag and places it on the pile. The individual consistently present at the pile is actively sorting and adding to it throughout the sequence."
g3,SHADOW-ONLY,evt-20260724_154820,2026-07-24T15:54:55.584301-03:00,(sem detecção de prod),,,90,DUMPING,85,"A person is observed at the site throughout the sequence, actively handling, sorting, and placing waste materials onto the existing pile. This interaction with the waste pile constitutes irregular disposal activity."
g3,SHADOW-ONLY,evt-20260724_155034,2026-07-24T15:55:29.779320-03:00,(sem detecção de prod),,,100,DUMPING,70,"Indivíduos são observados manuseando e interagindo diretamente com a pilha de resíduos existente. Embora a atividade possa ser de triagem (catadores), a regra de ambiguidade estabelecida exige que, ao não ser possível distinguir claramente entre carregar e descarregar material, a ação seja classific"
g3,SHADOW-ONLY,evt-20260724_160800,2026-07-24T16:11:28.682110-03:00,(sem detecção de prod),,,95,DUMPING,95,"A person is observed actively placing waste items into the existing pile and green dumpster area. Later in the sequence, another individual arrives with a wheelbarrow, further indicating active disposal and accumulation of waste at the site."
g3,SHADOW-ONLY,evt-20260724_164526,2026-07-24T16:48:24.895843-03:00,(sem detecção de prod),,,100,DUMPING,90,"An individual (shirtless) is observed repeatedly interacting with the waste pile, bending over, and handling materials throughout the sequence. Per the instructions for chronic disposal points, handling material at the pile is classified as an infraction."
g3,SHADOW-ONLY,evt-20260724_165021,2026-07-24T16:53:21.057542-03:00,(sem detecção de prod),,,95,DUMPING,100,"A shirtless man carrying a white bag approaches the existing waste pile, bends down, and deposits the bag onto the pile before walking away. This confirms an act of irregular waste disposal."
g3,SHADOW-ONLY,evt-20260724_170027,2026-07-24T17:03:38.472930-03:00,(sem detecção de prod),,,100,DUMPING,95,"An individual is observed actively interacting with a chronic waste pile using a wheelbarrow. The individual is seen handling materials and moving them to/from the pile. Per the ambiguity rule, as the individual is handling material at a known disposal site, this is classified as an infraction."
g3,SHADOW-ONLY,evt-20260724_170234,2026-07-24T17:08:18.376060-03:00,(sem detecção de prod),,,90,DUMPING,95,"An individual with a wheelbarrow approaches the existing waste pile, stops, and deposits material from the wheelbarrow onto the pile. The individual then leaves with the empty wheelbarrow. This constitutes an illegal disposal event."
g3,SHADOW-ONLY,evt-20260724_184602,2026-07-24T18:49:49.324092-03:00,(sem detecção de prod),,,100,DUMPING,100,"An individual is observed actively adding waste to the existing pile. He is seen carrying a large white panel/board and placing it onto the pile. Subsequently, he is seen handling a large white sack and adding it to the pile. The pile grows as a result of these actions."
g3,SHADOW-ONLY,evt-20260724_184810,2026-07-24T18:54:21.741709-03:00,(sem detecção de prod),,,85,DUMPING,95,"A black vehicle stops near the chronic waste pile. An individual exits the vehicle, approaches the pile, and interacts with it, depositing material. The action confirms irregular waste disposal."
g3,SHADOW-ONLY,evt-20260724_185048,2026-07-24T18:55:33.174332-03:00,(sem detecção de prod),,,95,DUMPING,95,"A male individual approaches the existing waste pile, stops, and spends significant time bending over and manipulating items within the pile. This interaction with the waste site constitutes an irregular disposal/handling event."
g3,SHADOW-ONLY,evt-20260724_185344,2026-07-24T19:00:19.582108-03:00,(sem detecção de prod),,,90,DUMPING,95,"A pedestrian approaches the existing waste pile, bends over, and places material onto the pile, confirming an irregular disposal action."
g3,SHADOW-ONLY,evt-20260724_192040,2026-07-24T19:23:30.206002-03:00,(sem detecção de prod),,,90,DUMPING,95,"Um indivíduo a pé aproxima-se da pilha de lixo existente, para e curva-se sobre os resíduos, realizando o descarte de material. A ação é clara e confirma a infração."
g3,SHADOW-ONLY,evt-20260724_192302,2026-07-24T19:28:07.478297-03:00,(sem detecção de prod),,,90,DUMPING,90,"Um indivíduo de boné branco manipula a pilha de resíduos existente. Um veículo sedan prata para próximo ao local, e indivíduos interagem com a pilha. Conforme a regra de ambiguidade, o manuseio de material em ponto crônico de descarte é classificado como infração."
g3,SHADOW-ONLY,evt-20260724_192506,2026-07-24T19:28:28.218960-03:00,(sem detecção de prod),,,90,DUMPING,90,"Um indivíduo de boné branco permanece junto a uma pilha de lixo crônica, manipulando e organizando os resíduos. Conforme as regras de auditoria, a interação direta com a pilha de descarte irregular é classificada como infração."
g3,SHADOW-ONLY,evt-20260724_193236,2026-07-24T19:37:29.296621-03:00,(sem detecção de prod),,,85,DUMPING,95,"A male pedestrian approaches the existing waste pile carrying a white bag. He stops at the pile, places the bag onto it, and then walks away, clearly adding to the volume of the waste."
g3,SHADOW-ONLY,evt-20260724_193442,2026-07-24T19:37:48.485210-03:00,(sem detecção de prod),,,100,DUMPING,100,"Um veículo SUV branco para próximo a uma pilha de lixo existente. Um indivíduo desce do veículo, caminha até a pilha e deposita/manuseia materiais, contribuindo para o descarte irregular no local."
g3,SHADOW-ONLY,evt-20260724_195416,2026-07-24T19:57:13.213679-03:00,(sem detecção de prod),,,85,DUMPING,90,"A pedestrian approaches the existing waste pile, stops, and interacts with the debris, appearing to deposit material. This behavior at a known chronic disposal site confirms the infraction."
g3,SHADOW-ONLY,evt-20260724_204457,2026-07-24T20:50:06.394870-03:00,(sem detecção de prod),,,90,DUMPING,90,"A person is observed standing directly at the waste pile, interacting with it. The individual remains at the site for an extended period, manipulating the waste materials. Given the context of an irregular disposal site, this interaction is classified as an infraction."
g3,SHADOW-ONLY,evt-20260724_204701,2026-07-24T20:50:26.000431-03:00,(sem detecção de prod),,,90,DUMPING,90,"In the initial frame (20:44:45), a person is observed bending over and interacting directly with the pre-existing waste pile, which constitutes a disposal action. The pile is large and contains mixed waste. Subsequent frames show pedestrians passing by, but the initial interaction confirms the infra"
g3,SHADOW-ONLY,evt-20260724_211426,2026-07-24T21:20:20.433634-03:00,(sem detecção de prod),,,85,DUMPING,95,"A pedestrian enters the frame, walks directly to the existing waste pile, stops, and appears to deposit an item onto the pile before walking away. The interaction confirms an act of illegal waste disposal."
g3,SHADOW-ONLY,evt-20260725_052046,2026-07-25T05:25:45.916750-03:00,(sem detecção de prod),,,95,DUMPING,100,"A red pickup truck stops at the site. An individual exits the vehicle and deposits material onto the existing waste pile. The vehicle then departs. Subsequently, another individual is observed interacting with the pile. The act of depositing material from the vehicle confirms the infraction."
g3,SHADOW-ONLY,evt-20260725_065147,2026-07-25T06:56:23.036158-03:00,(sem detecção de prod),,,100,DUMPING,95,"A person wearing a yellow shirt is observed at a chronic waste disposal site. The individual is seen holding a piece of wood/board, walking to the pile, and placing it onto the existing waste. This action confirms the disposal of material."
g3,SHADOW-ONLY,evt-20260725_070307,2026-07-25T07:05:59.082076-03:00,(sem detecção de prod),,,90,DUMPING,95,"Two individuals with a cart approach the existing waste pile. They stop and unload materials from the cart onto the ground/pile area, which constitutes an illegal disposal action."
g3,SHADOW-ONLY,evt-20260725_075607,2026-07-25T08:03:11.570910-03:00,(sem detecção de prod),,,95,DUMPING,95,"A man wearing a red shirt is observed carrying a long white object (likely a board or piece of wood) on his shoulder. He approaches the existing waste pile and subsequently walks away without the object, having deposited it at the site."
g3,SHADOW-ONLY,evt-20260725_081730,2026-07-25T08:25:07.915359-03:00,(sem detecção de prod),,,100,DUMPING,100,"Um caminhão de pequeno porte para no local. Dois indivíduos retiram materiais do veículo e os depositam na caçamba e na pilha de lixo existente, caracterizando descarte irregular."
g3,SHADOW-ONLY,evt-20260725_100321,2026-07-25T10:08:53.070285-03:00,(sem detecção de prod),,,95,DUMPING,95,"Um indivíduo chega ao local empurrando um carrinho de mão contendo resíduos e realiza o descarte do material na pilha existente, confirmando a infração."
g3,SHADOW-ONLY,evt-20260725_102403,2026-07-25T10:29:12.202653-03:00,(sem detecção de prod),,,95,DUMPING,100,"A person wearing a red shirt enters the scene carrying a white plastic bag. They approach the existing waste pile, stop, and place the bag onto the pile. The person then walks away without the bag. This constitutes a clear act of irregular waste disposal."
g3,SHADOW-ONLY,evt-20260725_105411,2026-07-25T11:13:44.484255-03:00,(sem detecção de prod),,,95,DUMPING,95,A white pickup truck stops near the existing waste pile. An individual exits the vehicle and is observed handling and placing items from the vehicle onto the ground/pile area. This activity confirms the disposal of additional material.
g3,SHADOW-ONLY,evt-20260725_112038,2026-07-25T11:27:08.625035-03:00,(sem detecção de prod),,,95,DUMPING,95,"A man and a woman approach the existing waste pile. The man is observed carrying a white bag, which he proceeds to deposit onto the pile. This action constitutes an irregular disposal of waste."
g3,SHADOW-ONLY,evt-20260725_113056,2026-07-25T11:36:56.427065-03:00,(sem detecção de prod),,,95,DUMPING,95,"An individual (man in blue shirt) is observed depositing a wooden pallet onto the existing waste pile. He later returns to the site and interacts with the pile again by bending down, confirming disposal activity at this chronic dumping location."
g3,SHADOW-ONLY,evt-20260725_113552,2026-07-25T11:41:40.904326-03:00,(sem detecção de prod),,,95,DUMPING,85,"A man in a blue shirt is observed standing at the chronic waste pile for an extended period, actively sorting and handling materials. Per the instructions, ambiguous interaction at a chronic site is treated as disposal. While municipal workers in yellow uniforms are seen passing by later, the initia"
g3,SHADOW-ONLY,evt-20260725_134738,2026-07-25T13:53:26.089635-03:00,(sem detecção de prod),,,90,DUMPING,90,"Um veículo picape prata estaciona próximo à pilha de lixo existente. O condutor desce do veículo e interage com a área de descarte. Conforme a regra de ambiguidade para pontos crônicos, a parada e interação com material próximo à pilha configuram descarte irregular."
g3,SHADOW-ONLY,evt-20260725_145315,2026-07-25T14:57:59.202459-03:00,(sem detecção de prod),,,90,DUMPING,100,"A white pickup truck arrived at the chronic waste disposal site, stopped, and deposited a large white appliance (refrigerator) onto the existing pile. The appliance was not present in the initial frames."
g3,SHADOW-ONLY,evt-20260725_151536,2026-07-25T15:20:15.646552-03:00,(sem detecção de prod),,,90,DUMPING,85,"A woman accompanied by a child approaches the existing waste pile. She stops, bends down directly over the pile, and interacts with it, which is consistent with the disposal of waste. After the interaction, she walks away. This behavior at a known chronic disposal site is classified as an infraction"
g3,SHADOW-ONLY,evt-20260725_170904,2026-07-25T17:12:39.176850-03:00,(sem detecção de prod),,,95,DUMPING,85,"An individual carrying a white bag approaches the existing waste pile. The individual is seen bending over the pile, interacting with it, and subsequently, the bag is no longer visible in their hands, indicating disposal. Other individuals with carts are also present, sorting through the waste."
g3,SHADOW-ONLY,evt-20260725_174126,2026-07-25T17:46:49.685342-03:00,(sem detecção de prod),,,85,DUMPING,90,"A cyclist stops at the chronic waste disposal site. The individual dismounts and interacts directly with the existing pile of waste, appearing to deposit material before continuing their journey. This action confirms an irregular disposal event."
g3,SHADOW-ONLY,evt-20260725_175706,2026-07-25T17:59:33.108264-03:00,(sem detecção de prod),,,100,DUMPING,100,"Multiple individuals are observed carrying a large, flat, white object (likely a door or panel) towards the existing waste pile. They stop at the pile and deposit the object onto it, clearly increasing the volume of the waste pile. This constitutes an irregular disposal event."
g3,SHADOW-ONLY,evt-20260725_180823,2026-07-25T18:14:17.007506-03:00,(sem detecção de prod),,,95,DUMPING,95,"A person pushing a cart arrives at the chronic waste disposal site, stops directly at the existing pile, and performs a disposal action. The person then moves away from the pile. The interaction with the pile using a transport cart confirms the disposal."
g3,SHADOW-ONLY,evt-20260725_184637,2026-07-25T18:50:30.454193-03:00,(sem detecção de prod),,,90,DUMPING,90,"A pedestrian approaches the existing waste pile on foot. The individual stops directly at the pile, bends down, and interacts with the waste material. Per the instructions, interaction with the pile at a chronic disposal site is classified as disposal."
g3,SHADOW-ONLY,evt-20260725_184927,2026-07-25T18:54:21.094486-03:00,(sem detecção de prod),,,90,DUMPING,95,"A vehicle stops near the existing waste pile. A person exits the vehicle, approaches the pile, and interacts with the ground/pile area, consistent with illegal disposal. The vehicle then departs."
g3,PROD-ONLY,evt-20260725_203113,2026-07-25T20:36:56.282397-03:00,CONFIRMADO,Descarte de grande porte confirmado.,eb568791-0322-47e5-8322-93c371f7a50d,95,DUMPING,95,A sequência mostra diversos pedestres e motociclistas transitando pela via pública onde existe uma pilha de resíduos pré-existente. Nenhum dos atores para ou interage com a pilha de lixo. A pilha permanece inalterada durante todo o período monitorado.
g3,SHADOW-ONLY,evt-20260725_213214,2026-07-25T21:37:37.744224-03:00,(sem detecção de prod),,,90,DUMPING,95,"Uma pedestre aproxima-se da pilha de lixo existente, para, curva-se sobre a pilha e realiza o descarte de um objeto/saco, confirmando a infração de descarte irregular."
g3,SHADOW-ONLY,evt-20260726_020218,2026-07-26T02:06:19.292695-03:00,(sem detecção de prod),,,90,DUMPING,90,"A person is observed approaching the existing waste pile and interacting with it (bending down) in the final frames of the sequence, indicating a disposal action."
g3,SHADOW-ONLY,evt-20260726_054657,2026-07-26T05:49:18.895786-03:00,(sem detecção de prod),,,95,DUMPING,100,"A person in a red shirt enters the frame carrying a large flat object (cardboard/wood). They walk directly to the existing waste pile, place the object on top of it, and remain in the vicinity. This confirms the addition of waste to the pile."
g3,SHADOW-ONLY,evt-20260726_061121,2026-07-26T06:14:05.512008-03:00,(sem detecção de prod),,,90,DUMPING,85,"A silver hatchback vehicle stops directly adjacent to a known chronic waste disposal site. The vehicle remains stationary for several frames, which is consistent with illegal dumping behavior at this location. The person in the red shirt is present in the vicinity throughout the sequence, but the ve"
g3,SHADOW-ONLY,evt-20260726_070229,2026-07-26T07:08:07.299513-03:00,(sem detecção de prod),,,100,DUMPING,100,"A man wearing a black t-shirt and patterned shorts approaches the existing waste pile carrying a white plastic bag. He stops at the pile, bends down, and deposits the bag onto the waste. The bag remains on the pile, confirming the disposal action."
g3,SHADOW-ONLY,evt-20260726_101041,2026-07-26T10:15:08.067386-03:00,(sem detecção de prod),,,95,DUMPING,90,"Multiple individuals are observed interacting with a large, pre-existing waste pile and a parked truck. The individuals are seen moving around the pile, handling items, and appearing to organize or add to the waste. This activity at a known chronic disposal site constitutes irregular waste managemen"
g3,SHADOW-ONLY,evt-20260726_101947,2026-07-26T10:25:13.434220-03:00,(sem detecção de prod),,,95,DUMPING,95,"Multiple individuals are observed actively moving and depositing construction materials (pipes, wood) onto an existing large waste pile. A white car also stops, and individuals are seen handling material near the pile, confirming irregular disposal."
g3,PROD-ONLY,evt-20260726_102529,2026-07-26T10:30:26.556279-03:00,CONFIRMADO,Descarte de grande porte confirmado.,2d914d3f-84a0-4f41-a667-0343432d1ee1,95,DUMPING,95,The sequence shows a man standing near an existing large pile of waste. He does not interact with the pile to add material; he is seen moving away from the pile towards a parked truck. No new waste is added during the observation period. The pile remains unchanged.
g3,SHADOW-ONLY,evt-20260726_102839,2026-07-26T10:34:24.315024-03:00,(sem detecção de prod),,,90,DUMPING,100,"A white truck is parked at a chronic waste disposal site. An individual (man in red shorts) is observed repeatedly removing items from the truck and depositing them onto the existing waste pile, confirming illegal disposal."
g3,SHADOW-ONLY,evt-20260726_103115,2026-07-26T10:34:46.087789-03:00,(sem detecção de prod),,,95,DUMPING,95,"Two individuals are present at the site of a chronic waste pile. One individual is observed bending over and placing a white bag onto the existing pile, confirming the addition of waste material."
g3,PROD-ONLY,evt-20260726_103413,2026-07-26T10:39:17.003952-03:00,CONFIRMADO,Descarte de grande porte confirmado.,2d914d3f-84a0-4f41-a667-0343432d1ee1,70,DUMPING,,"A silver vehicle is parked near an existing waste pile. Multiple individuals are observed interacting with the pile, sorting through materials. Per the ambiguity rule, as it is difficult to distinguish between scavenging and dumping, this is classified as dumping."
g3,SHADOW-ONLY,evt-20260726_104013,2026-07-26T10:44:39.567480-03:00,(sem detecção de prod),,,90,DUMPING,85,"Dois indivíduos são observados manipulando ativamente a pilha de resíduos durante toda a sequência. A manipulação constante de resíduos em um ponto crônico de descarte, sem distinção clara entre triagem e descarte, configura a infração conforme as diretrizes de recall."
g3,SHADOW-ONLY,evt-20260726_104231,2026-07-26T10:48:45.254090-03:00,(sem detecção de prod),,,95,DUMPING,95,"Multiple individuals are observed at a chronic waste disposal site. They are actively handling, sorting, and placing waste items onto a cart and the existing pile, confirming irregular disposal activity."
g3,SHADOW-ONLY,evt-20260726_104533,2026-07-26T10:49:05.588613-03:00,(sem detecção de prod),,,95,DUMPING,85,"Multiple individuals are observed interacting with a large, pre-existing waste pile. One individual is consistently crouching and manipulating bags and debris within the pile. Per the ambiguity rule, as they are handling material at a known chronic disposal site, this is classified as disposal."
g3,SHADOW-ONLY,evt-20260726_104813,2026-07-26T10:53:02.181253-03:00,(sem detecção de prod),,,90,DUMPING,85,"A man is observed repeatedly interacting with the existing waste pile, bending over to pick up, move, and place items within the pile. Although he may be scavenging, the interaction with the waste at this chronic disposal point is classified as an infraction per the provided guidelines regarding amb"
g3,SHADOW-ONLY,evt-20260726_105240,2026-07-26T10:58:01.093329-03:00,(sem detecção de prod),,,90,DUMPING,85,"Um indivíduo é observado interagindo diretamente com a pilha de resíduos, manuseando objetos e entulho. Conforme a regra de ambiguidade para pontos crônicos, a interação com a pilha é classificada como descarte irregular."
g3,SHADOW-ONLY,evt-20260726_105915,2026-07-26T11:02:49.103750-03:00,(sem detecção de prod),,,90,DUMPING,95,"Two individuals are observed interacting with a large, pre-existing waste pile. They are seen moving items and adding material to the pile over the course of the sequence. This confirms an active irregular disposal/maintenance event at a known chronic point."
g3,SHADOW-ONLY,evt-20260726_110345,2026-07-26T11:07:45.261179-03:00,(sem detecção de prod),,,90,DUMPING,90,"A person wearing a yellow cap is observed continuously interacting with a large, pre-existing waste pile. They are seen bending down, picking up items, and placing them onto the pile. This behavior constitutes irregular disposal/management of waste at a chronic dumping site."
g3,SHADOW-ONLY,evt-20260726_110557,2026-07-26T11:12:24.640341-03:00,(sem detecção de prod),,,95,DUMPING,100,"A sequência de imagens mostra um ponto crônico de descarte de resíduos. Vários indivíduos são observados carregando sacos e diversos materiais e depositando-os ativamente na pilha existente, aumentando o volume de lixo no local durante o período monitorado."
g3,SHADOW-ONLY,evt-20260726_111007,2026-07-26T11:13:04.908344-03:00,(sem detecção de prod),,,95,DUMPING,95,"Um homem é observado manuseando e depositando materiais (aparentemente papelão ou madeira) na pilha de lixo existente. Ele permanece no local durante a sequência, adicionando itens à pilha. A ação de manusear e depositar materiais em um ponto crônico de descarte configura infração conforme as regras"
g3,SHADOW-ONLY,evt-20260726_111221,2026-07-26T11:17:44.391363-03:00,(sem detecção de prod),,,95,DUMPING,100,A man wearing a yellow cap is observed taking wooden boards from an orange cart and placing them onto the existing waste pile. This constitutes an active disposal of construction/bulky waste.
g3,SHADOW-ONLY,evt-20260726_113023,2026-07-26T11:34:12.832145-03:00,(sem detecção de prod),,,90,DUMPING,95,A person wearing a red shirt arrives at the site with a handcart containing waste material. They stop near the existing pile and transfer the contents of the cart onto the pile. The person in the yellow shirt continues to manage the waste throughout the event. This constitutes an active disposal of 
g3,SHADOW-ONLY,evt-20260726_114623,2026-07-26T11:52:20.914688-03:00,(sem detecção de prod),,,95,DUMPING,95,"Multiple individuals are observed actively interacting with the waste pile. They are seen moving, organizing, and adding waste materials to the pile and the orange cart. This sustained activity confirms the site is being used for irregular waste disposal."
g3,SHADOW-ONLY,evt-20260726_115505,2026-07-26T12:01:02.641968-03:00,(sem detecção de prod),,,90,DUMPING,85,"Multiple individuals are observed interacting with a large, pre-existing waste pile and an orange cart. They are seen handling materials at the site. As they are not municipal workers and are actively manipulating the waste at a chronic disposal point, this is classified as an infraction per the amb"
g3,SHADOW-ONLY,evt-20260726_115841,2026-07-26T12:02:33.265848-03:00,(sem detecção de prod),,,95,DUMPING,95,"Um homem com um carrinho de mão e uma mulher são vistos manuseando e organizando resíduos em um ponto crônico de descarte. O homem interage repetidamente com a pilha de lixo, adicionando ou reorganizando materiais. Conforme as regras, o manuseio de material em ponto crônico é considerado descarte ir"
g3,SHADOW-ONLY,evt-20260726_122222,2026-07-26T12:27:25.300885-03:00,(sem detecção de prod),,,95,DUMPING,85,"Um indivíduo (homem de boné amarelo) permanece no local durante toda a sequência, manuseando resíduos e interagindo com o carrinho de mão e a pilha de lixo existente. Ele é visto movendo objetos e organizando materiais junto à pilha. Conforme a regra de ambiguidade para pontos crônicos, o manuseio d"
g3,SHADOW-ONLY,evt-20260726_122510,2026-07-26T12:32:18.580568-03:00,(sem detecção de prod),,,95,DUMPING,85,"Individuals with a cart are observed stopping and actively interacting with the existing waste pile. Per the provided instructions, since they are handling material at the site and it is difficult to distinguish between collection and disposal, this is classified as an infraction."
g3,SHADOW-ONLY,evt-20260726_123731,2026-07-26T12:41:11.664016-03:00,(sem detecção de prod),,,100,DUMPING,85,"Dois indivíduos são observados manuseando objetos volumosos (um colchão ou placa grande e uma viga longa) na área da pilha de lixo existente. Conforme a regra de ambiguidade para pontos crônicos de descarte, a interação direta com a pilha de resíduos é classificada como descarte irregular, independe"
g3,SHADOW-ONLY,evt-20260726_124833,2026-07-26T12:54:06.347379-03:00,(sem detecção de prod),,,95,DUMPING,95,"A pedestrian is observed walking towards the existing waste pile carrying a box/bag. The individual places the item on the pile and walks away empty-handed. A silver vehicle also stops near the site, but the pedestrian's action is a clear disposal event."
g3,SHADOW-ONLY,evt-20260726_132611,2026-07-26T13:29:53.082638-03:00,(sem detecção de prod),,,85,DUMPING,100,"Uma pessoa a pé aproxima-se da pilha de lixo existente, curva-se e deposita um volume de resíduos sobre a pilha, confirmando o descarte irregular."
g3,SHADOW-ONLY,evt-20260726_133131,2026-07-26T13:33:59.771845-03:00,(sem detecção de prod),,,100,DUMPING,100,Dois indivíduos (um homem e uma mulher) são vistos carregando um colchão e depositando-o sobre a pilha de lixo existente no local. A ação de descarte é clara e intencional.
g3,SHADOW-ONLY,evt-20260726_174052,2026-07-26T17:44:14.592722-03:00,(sem detecção de prod),,,100,DUMPING,100,"A woman carrying a white plastic bag approaches the existing waste pile, stops, and throws the bag onto the pile. A silver car passes by later without interacting. The disposal action is clearly visible."
g3,SHADOW-ONLY,evt-20260726_175921,2026-07-26T18:02:26.445098-03:00,(sem detecção de prod),,,95,DUMPING,100,"An individual arrives with a wheelbarrow, stops at the existing waste pile, and dumps the contents of the wheelbarrow onto the pile, visibly increasing the waste volume."
g3,SHADOW-ONLY,evt-20260726_181111,2026-07-26T18:14:53.606264-03:00,(sem detecção de prod),,,95,DUMPING,85,"A pedestrian approaches the existing waste pile, bends down to interact with it, and then walks away. This interaction with the pile in a chronic disposal spot is classified as an infraction."
g3,SHADOW-ONLY,evt-20260726_193055,2026-07-26T19:33:51.014026-03:00,(sem detecção de prod),,,95,DUMPING,100,"A person approaches the existing waste pile, stops, bends down, and deposits a bag/material onto the pile before walking away. This constitutes an illegal disposal event."
g3,SHADOW-ONLY,evt-20260726_232927,2026-07-26T23:33:11.531537-03:00,(sem detecção de prod),,,95,DUMPING,100,"A person is observed approaching the existing waste pile carrying a dark bag. The individual places the bag directly onto the pile and then walks away, clearly adding to the existing accumulation of waste."
g3,SHADOW-ONLY,evt-20260727_030113,2026-07-27T03:26:32.850877-03:00,(sem detecção de prod),,,85,DUMPING,95,"Dois indivíduos caminham em direção à pilha de resíduos existente. Um deles carrega um saco branco. Ao chegarem na pilha, o indivíduo deposita o saco sobre os resíduos já existentes. A ação de descarte é clara, com o volume da pilha aumentando após a interação."
g3,SHADOW-ONLY,evt-20260727_071253,2026-07-27T07:19:02.754397-03:00,(sem detecção de prod),,,100,DUMPING,100,"Um homem com um carrinho de mão chega ao local, para junto à pilha de lixo existente e despeja o conteúdo do carrinho no chão, aumentando o volume de resíduos. A ação de descarte é clara e contínua ao longo da sequência."
g3,SHADOW-ONLY,evt-20260727_071457,2026-07-27T07:19:22.211416-03:00,(sem detecção de prod),,,95,DUMPING,90,"An individual is observed using a wheelbarrow to handle and deposit waste at a known chronic disposal site. The individual remains at the site, interacting with the pile, which constitutes an irregular disposal activity."
g3,SHADOW-ONLY,evt-20260727_071621,2026-07-27T07:19:43.801481-03:00,(sem detecção de prod),,,90,DUMPING,70,"An individual approaches the waste pile, interacts with a wheelbarrow positioned at the site, and subsequently moves the wheelbarrow away. Given the ambiguity of the interaction at a known chronic disposal site, and following the recall-first protocol, this is classified as a disposal event."
g3,SHADOW-ONLY,evt-20260727_103223,2026-07-27T10:35:43.534783-03:00,(sem detecção de prod),,,90,DUMPING,85,"Um indivíduo é observado interagindo com uma pilha de lixo pré-existente por um período prolongado. Embora a ação pareça ser de catação/triagem, o indivíduo manuseia ativamente os resíduos. Conforme a regra de ambiguidade para pontos crônicos, interações não claras são tratadas como descarte."
g3,SHADOW-ONLY,evt-20260727_103521,2026-07-27T10:41:18.494677-03:00,(sem detecção de prod),,,95,DUMPING,100,"A pedestrian carrying a white plastic bag approaches the existing waste pile, places the bag onto the pile, and walks away empty-handed, confirming the disposal of household waste."
g3,SHADOW-ONLY,evt-20260727_112113,2026-07-27T11:43:35.980426-03:00,(sem detecção de prod),,,90,DUMPING,85,"Um indivíduo sem camisa aproxima-se da pilha de resíduos existente, permanece no local por um período prolongado e interage diretamente com os materiais, curvando-se e manipulando objetos na pilha. Seguindo a regra de ambiguidade para pontos crônicos, a interação prolongada com a pilha é classificad"
g3,SHADOW-ONLY,evt-20260727_122715,2026-07-27T12:34:51.830349-03:00,(sem detecção de prod),,,95,DUMPING,95,"An individual is observed interacting with the existing waste pile. Throughout the sequence, the person is seen holding bags and placing them onto the pile, contributing to the accumulation of waste at the site."
g3,SHADOW-ONLY,evt-20260727_125636,2026-07-27T13:17:55.687733-03:00,(sem detecção de prod),,,90,DUMPING,85,"A motorcyclist wearing a green shirt stops their vehicle directly next to an existing large pile of waste. The rider interacts with the area near the pile before departing. Given the context of a chronic dumping site and the behavior of stopping specifically at the pile, this is classified as an inf"
g3,SHADOW-ONLY,evt-20260727_135311,2026-07-27T14:16:19.697234-03:00,(sem detecção de prod),,,100,DUMPING,100,"Um jovem com um carrinho de mão aproxima-se da pilha de lixo existente, para e despeja o conteúdo do carrinho sobre a pilha, caracterizando descarte irregular."
g3,SHADOW-ONLY,evt-20260727_144059,2026-07-27T14:44:36.674202-03:00,(sem detecção de prod),,,90,DUMPING,95,"An individual (shirtless male with a yellow cap) is observed repeatedly interacting with the waste pile. He is seen carrying and placing bags and items onto the pile, which constitutes an active disposal event."
g3,SHADOW-ONLY,evt-20260727_144445,2026-07-27T14:49:47.916737-03:00,(sem detecção de prod),,,95,DUMPING,100,"A man wearing a yellow cap and no shirt approaches the existing waste pile carrying a black plastic bag. He stops at the pile and deposits the bag onto it. He continues to interact with the pile, clearly adding waste material. This constitutes an irregular disposal event."
g3,SHADOW-ONLY,evt-20260727_153911,2026-07-27T15:50:04.531145-03:00,(sem detecção de prod),,,100,DUMPING,100,"An individual arrives with a wheelbarrow containing waste. He stops at the existing waste pile, unloads the contents of the wheelbarrow onto the pile, and then departs. This confirms an irregular disposal event."
g3,SHADOW-ONLY,evt-20260727_163417,2026-07-27T16:37:15.298225-03:00,(sem detecção de prod),,,85,DUMPING,90,"A white pickup truck is parked next to an existing large waste pile. A person is observed walking away from the pile area carrying a bag, suggesting a disposal event occurred from the vehicle."
g3,PROD-ONLY,evt-20260727_165457,2026-07-27T16:58:48.080069-03:00,CONFIRMADO,ocorreu o descarte de alguns objetos de papelão,c9671e1a-8370-4515-83b6-7376496ada1e,100,DUMPING,95,"The individual is a waste picker (catador) who is actively sorting and removing recyclable materials (cardboard) from the existing waste pile into his cart. No new waste is being deposited; the action is consistent with recycling collection, not illegal dumping."
g3,SHADOW-ONLY,evt-20260727_165709,2026-07-27T17:03:44.646011-03:00,(sem detecção de prod),,,90,DUMPING,95,"A man is observed standing next to a large, pre-existing waste pile. Throughout the sequence, he is seen handling cardboard boxes and other waste materials, placing them into the pile or the cart. This constitutes active management and addition to the irregular waste disposal site."
g3,PROD-ONLY,evt-20260727_165923,2026-07-27T17:04:26.578805-03:00,CONFIRMADO,ocorreu o descarte de alguns objetos de papelão,c9671e1a-8370-4515-83b6-7376496ada1e,100,DUMPING,95,"An individual is observed sorting and removing waste from the existing chronic pile and placing it into a large black cart. The activity is consistent with scavenging or cleanup rather than illegal disposal. The pile is being reduced/organized, not added to."
g3,PROD-ONLY,evt-20260727_170627,2026-07-27T17:11:57.427721-03:00,INDETERMINADO,"ele recolheu o que havia descartado, identificado na captura anterior",a5ba8e37-4339-44b5-9eef-9fa6e75fbdac,95,DUMPING,90,"The individual present is a scavenger (catador) who is actively collecting recyclable materials from the existing waste pile and placing them into a large white bag and a cart. He is not adding material to the pile; rather, he is removing items. No dumping action is observed. The pile remains largel"
g3,SHADOW-ONLY,evt-20260727_171033,2026-07-27T17:19:22.620874-03:00,(sem detecção de prod),,,90,DUMPING,90,"Um homem sem camisa manuseia ativamente resíduos, coletando pedaços de material (aparentemente plástico/isopor) do chão e depositando-os no saco branco ou na pilha existente. Conforme a regra de ambiguidade, o manuseio e adição de material à pilha configuram descarte irregular."
g3,PROD-ONLY,evt-20260727_171257,2026-07-27T17:20:07.193078-03:00,INDETERMINADO,"ele recolheu o que havia descartado, identificado na captura anterior",a5ba8e37-4339-44b5-9eef-9fa6e75fbdac,95,TRAFFIC,,"A person with a collection cart is observed in the first frame, likely sorting or removing recyclables from the existing pile. No new material is added to the site. Subsequent frames show a cyclist passing through, with no further activity."
g3,SHADOW-ONLY,evt-20260727_174357,2026-07-27T17:47:45.870534-03:00,(sem detecção de prod),,,90,DUMPING,95,"Uma pessoa se aproxima da pilha de lixo existente, para e se agacha sobre a pilha, manipulando os resíduos. O comportamento de parar e interagir com a pilha em um ponto crônico de descarte configura descarte irregular."
g3,SHADOW-ONLY,evt-20260727_181924,2026-07-27T18:25:00.481867-03:00,(sem detecção de prod),,,90,DUMPING,95,"The sequence shows a pre-existing pile of waste. A man is observed interacting with the pile for an extended period. Subsequently, a woman approaches carrying a black bag and places it onto the existing waste pile, confirming the disposal of additional material."
g3,SHADOW-ONLY,evt-20260727_182138,2026-07-27T18:25:22.453999-03:00,(sem detecção de prod),,,100,DUMPING,95,"A shirtless man is observed standing on an existing waste pile. He is seen holding a large white bag, which he then opens and empties onto the pile. He continues to manipulate items within the pile, confirming the addition of waste material."
g3,SHADOW-ONLY,evt-20260727_182346,2026-07-27T18:29:34.524139-03:00,(sem detecção de prod),,,90,DUMPING,90,"A person is observed standing directly on a pre-existing waste pile. The individual is seen bending down and manipulating items within the pile. Following the ambiguity rule (recall-first), since the person is interacting with the waste pile in a manner consistent with disposal or sorting, this is c"
g3,SHADOW-ONLY,evt-20260727_214112,2026-07-27T21:44:14.544162-03:00,(sem detecção de prod),,,100,DUMPING,100,"A person is observed standing near a pre-existing waste pile. The person is holding a large white bag. They proceed to place the bag onto the pile, contributing to the waste accumulation. This confirms an act of illegal waste disposal."
g3,SHADOW-ONLY,evt-20260727_214934,2026-07-27T21:52:35.506021-03:00,(sem detecção de prod),,,95,DUMPING,95,"A pedestrian is observed approaching the existing waste pile carrying a white bag in the first frame. In the second frame, the individual is positioned at the pile, depositing the bag. This constitutes an act of irregular waste disposal."
g3,SHADOW-ONLY,evt-20260727_234509,2026-07-27T23:48:31.783229-03:00,(sem detecção de prod),,,95,DUMPING,95,A pedestrian is observed approaching the existing waste pile and placing an object onto it. The action is clearly captured in the second frame of the sequence. The pile is a chronic disposal point.
g3,SHADOW-ONLY,evt-20260728_005555,2026-07-28T01:00:38.320867-03:00,(sem detecção de prod),,,95,DUMPING,100,"A motorcyclist arrives at the scene, stops near the existing waste pile, and dismounts. The individual is clearly observed holding a white object (likely a piece of plastic or PVC pipe) and places it onto the existing pile of waste. The individual then returns to the motorcycle and departs. This con"
g3,SHADOW-ONLY,evt-20260728_073145,2026-07-28T07:35:03.014558-03:00,(sem detecção de prod),,,90,DUMPING,95,"Um indivíduo de camisa branca e bermuda azul é observado interagindo diretamente com a pilha de lixo existente. Ele se aproxima, curva-se e deposita/manuseia materiais na pilha em diversos momentos da sequência. Conforme as diretrizes, o manuseio de material na pilha sem distinção clara de remoção é"
g3,SHADOW-ONLY,evt-20260728_073313,2026-07-28T07:35:35.955394-03:00,(sem detecção de prod),,,95,DUMPING,100,"An individual (man in a white t-shirt and blue shorts) is observed repeatedly interacting with the existing waste pile. Throughout the sequence, he is seen carrying and placing construction waste (white panels/boards) onto the pile, actively contributing to the illegal disposal site."
g3,SHADOW-ONLY,evt-20260728_081519,2026-07-28T08:20:02.544451-03:00,(sem detecção de prod),,,85,DUMPING,85,"Uma pessoa permanece junto à pilha de lixo durante toda a sequência, manuseando os resíduos. Conforme a regra de ambiguidade, assume-se descarte irregular devido à interação direta e contínua com o ponto crônico de lixo."
g3,SHADOW-ONLY,evt-20260728_090628,2026-07-28T09:10:07.188883-03:00,(sem detecção de prod),,,100,DUMPING,100,"An individual wearing a red shirt and blue shorts is observed carrying a large white panel. He approaches the existing waste pile and places the panel onto it, adding to the irregular disposal. The action is clearly captured in the sequence."
g3,SHADOW-ONLY,evt-20260728_090916,2026-07-28T09:15:36.970436-03:00,(sem detecção de prod),,,95,DUMPING,100,"Um indivíduo vestindo camisa vermelha e bermuda azul aproxima-se da pilha de lixo existente, deposita um saco de lixo preto sobre a pilha e retira-se do local. A ação de descarte é clara e confirmada visualmente."
g3,PROD-ONLY,evt-20260728_095001,2026-07-28T09:56:43.735143-03:00,REJEITADO,Limpeza urbana presente no local.,9cd47888-7047-4297-90ed-4e0a2a9c9c93,100,TRAFFIC,,A municipal cleaning truck ('Recife Limpa') is observed in the scene with workers actively cleaning the area. No illegal dumping occurred; the activity is a municipal waste collection operation.
